DATE,RVD_ABC,RVD_DE,CCL,CCL_SM,CCL_L,CCL_HK,CCL_KLN,CCL_NTE,CCL_NTW,CCL_MAS,CSI,CVI,RVD_R,RVD_R,LR_TTV,LR_C ,BSD_CA,BSD_TC,SSD_CA,SSD_TC,DSD_CA,DSD_TC,BIRTH,DEATH,MARR,UNEMP,UND_EMP,CCPI,UN_INF,GDP,HSI,MI,RIR,BLR,HIBOR,MA_LTV,MA_1LA,MA_2LA,MA_1CA,MA_2CA,COMP,St_CH,VAC_R,PHS
1/1/1996,105.4,100.8,57.14,58,49.85,58.58,60.33,59.99,52.77,58.13,,,115.2,,7754,19123000000,,,,,,,6626,2898,3574,0.032,0.024,75.3,,279132,11359.7002,24000,,0.0875,0.0562,,,,,,1656,0.0289,0.037,468
1/2/1996,108.7,105.9,59.55,60.35,52.95,60.92,63.3,61.5,55.14,60.59,,,116.6,,7802,19250000000,,,,,,,5451,2650,2446,0.031,0.022,76,,279132,11125.7002,24000,,0.085,0.0512,,,,,,1656,0.0289,0.037,468
1/3/1996,113.1,108.2,61.08,61.8,55.2,62.77,64.51,62.85,56.54,62.18,,,115.9,,10452,30271000000,,,,,,,5361,3232,3142,0.032,0.02,76.4,,279132,10957.2002,24000,,0.085,0.0513,,,,,,1656,0.0289,0.037,468
1/4/1996,112.1,110.6,63.42,64.57,56.88,66.69,66.67,65.28,58.5,64.42,,,116.3,,8200,23756000000,,,,,,,4659,2951,2381,0.033,0.018,77.4,,298035,10964.5,21500,,0.085,0.0512,,,,,,1656,0.0289,0.037,468
1/5/1996,113.5,113,64.36,65.31,56.89,66.52,68.85,64.34,59.75,65.64,,,117.2,,14732,39088000000,,,,,,,5022,3261,3094,0.032,0.019,77.5,,298035,11264.7002,21500,,0.085,0.0516,,,,,,1656,0.0289,0.037,468
1/6/1996,115,115.2,65.41,66.06,59.28,67.53,69.54,65.06,60.42,66.54,,,117.2,,9495,29605000000,,,,,,,4464,2211,2825,0.031,0.018,77.9,,298035,11020.90039,21500,,0.085,0.0536,,,,,,1656,0.0289,0.037,468
1/7/1996,114.6,115.2,65.16,65.7,60.46,66.38,68.46,67.43,61.03,65.95,,,119,,11061,35075000000,,,,,,,5262,2660,2446,0.029,0.016,78,,319919,10681.40039,22500,,0.085,0.0545,,,,,,1656,0.0289,0.037,468
1/8/1996,117.6,114.3,65.35,65.78,61.56,67.94,67.74,65.69,61.01,66.28,,,118.3,,8667,24242000000,,,,,,,5037,2302,2393,0.028,0.014,78.1,,319919,11159,22500,,0.085,0.0544,,,,,,1656,0.0289,0.037,468
1/9/1996,118.2,118.2,66.69,67.32,61.1,67.54,70.4,67.78,62.27,67.43,,,120.4,,9228,23994000000,,,,,,,5279,2243,3146,0.026,0.014,78.9,,319919,11902.40039,22500,,0.085,0.0546,,,,,,1656,0.0289,0.037,468
1/10/1996,123,125.3,69.17,69.67,64.69,70.89,72.46,71.36,63.59,69.77,,,120.5,,12595,37654000000,,,,,,,5924,2512,3138,0.025,0.015,79.5,,338215,12477.59961,24000,,0.085,0.0544,,,,,,1656,0.0289,0.037,468
1/11/1996,127.8,131.5,72.66,73.07,69.91,75.59,75.74,74.4,65.96,73.24,,,120.6,,14427,47442000000,,,,,,,5590,2438,4104,0.027,0.015,79.8,,338215,13393.90039,24000,,0.085,0.0563,,,,,,1656,0.0289,0.037,468
1/12/1996,134.2,139.5,76.94,77.31,74.37,79.41,78.76,79.25,70.88,77.01,,,122.5,,15071,52214000000,,,,,,,5924,2691,4356,0.026,0.016,80.1,,338215,13451.5,24000,,0.085,0.0548,,16624000000,3609000000,9776,2701,1656,0.0289,0.037,468
1/1/1997,141.7,157.4,81.79,81.96,81.21,84.33,83.38,83.88,75.79,81.78,,,126.2,,17813,69111000000,,,,,,,5962,2890,3914,0.025,0.014,80,0.062416999,314111,13321.79981,26000,-0.010716999,0.0875,0.0567,,19524000000,3879000000,10663,2781,1517,0.0317,0.038,478
1/2/1997,153.7,163.6,85.17,85.1,85.82,86.67,86.69,85.13,80.29,84.9,,,127.3,,15366,60488000000,,,,,,,4912,2746,2471,0.024,0.012,80.8,0.063157895,314111,13398.7002,26000,-0.009357895,0.0875,0.0563,,14955000000,3071000000,7589,2009,1517,0.0317,0.038,478
1/3/1997,162.1,163.9,94.01,94.24,92.95,94.57,94.71,94.1,93.57,94.32,,,128.1,,12310,50577000000,,,,,,,5359,2622,3913,0.025,0.011,80.9,0.058900524,314111,12534.29981,26000,-0.003500524,0.0875,0.0584,,17221000000,3872000000,9132,2591,1517,0.0317,0.038,478
1/4/1997,156.8,160.3,90.09,89.94,91.26,87.71,90.84,93.14,90.89,90.06,,,130.9,,22960,90382000000,,,,,,,4804,3110,3095,0.026,0.012,81.7,0.055555556,340130,12903.29981,23000,0.001344444,0.0875,0.0587,,23992000000,4771000000,11968,3270,1517,0.0317,0.038,478
1/5/1997,172,177.5,94.65,95.15,91.4,95.52,95.91,97.6,93.12,95.03,,,132.9,,16755,55863000000,,,,,,,5164,2716,4368,0.025,0.013,82,0.058064516,340130,14757.79981,23000,0.001635484,0.0875,0.063,,25029000000,5053000000,12515,3323,1517,0.0317,0.038,478
1/6/1997,171.6,177,100.85,100.98,102.75,100.97,102.21,104.75,98.43,100.57,,,134,,15076,62409000000,,,,,,,5434,2294,4141,0.024,0.013,82.3,0.05648267,340130,15196.79981,23000,0.00661733,0.0875,0.061,,26713000000,4817000000,12661,3117,1517,0.0317,0.038,478
1/7/1997,166.7,174,97.92,97.69,100.17,98.34,97.25,100.47,95.81,97.62,,,137.6,,20381,95914000000,,,,,,,4226,2985,2104,0.024,0.012,82.9,0.062820513,359487,16365.7002,24900,0.000279487,0.0875,0.068,,28065000000,5637000000,12780,3394,1517,0.0317,0.038,478
1/8/1997,170.7,177,97.57,97.5,97.86,99.29,99.31,99.41,93.63,98.15,,,137.8,,12698,51487000000,,,,,,,4401,2391,1474,0.024,0.012,83,0.062740077,359487,14135.2002,24900,0.009459923,0.0875,0.0882,,21727000000,3983000000,9489,2202,1517,0.0317,0.038,478
1/9/1997,170.1,174.2,97.46,97.6,96.34,97.82,99.24,101.13,94.21,97.8,,,137.3,,11611,43737000000,,,,,,,4896,2460,3170,0.022,0.01,83.3,0.055766793,359487,15049.29981,24900,0.019133207,0.0875,0.0749,,16299000000,3532000000,7561,2127,1517,0.0317,0.038,478
1/10/1997,172.3,183.4,100.98,101.21,101.77,102.5,103.92,101.94,96.69,101.21,,,137.9,,12018,47711000000,,,,,,,5054,2569,2572,0.023,0.01,84,0.056603774,359355,10623.79981,25000,0.045796226,0.0875,0.1316,,17602000000,4369000000,8023,2643,1517,0.0317,0.038,478
1/11/1997,159.8,171.4,89.84,89.36,93.98,89.24,91.31,92.81,86.76,89.9,,,136.1,,11288,44867000000,,,,,,,4814,2479,3027,0.024,0.011,84.1,0.053884712,359355,10526.90039,25000,0.042715288,0.095,0.0841,,9261000000,2696000000,4561,1750,1517,0.0317,0.038,478
1/12/1997,154.9,156.2,85.49,85.47,85.86,90.21,85.42,83.73,81.59,86.3,,,133.3,,4435,17795000000,,,,,,,5353,2817,3344,0.025,0.013,84.3,0.052434457,359355,10722.79981,25000,0.020465543,0.095,0.0727,,6726000000,1667000000,3220,1087,1517,0.0317,0.038,478
1/1/1998,143.6,146.1,74.72,74.42,77.62,78.3,73.48,76.58,71.1,75.6,,,129.3,,6247,26612000000,,,,,,,4366,2364,2113,0.025,0.015,84.3,0.05375,316887,9252.400391,27100,0.05345,0.1025,0.1038,,7838000000,1336000000,3583,862,1857,0.0246,0.045,-1812
1/2/1998,136.5,137.8,72.17,72.51,70.55,74.7,73.01,75.4,68.77,73.06,,,121.6,,4122,14980000000,,,,,,,4501,3245,2262,0.029,0.016,84.6,0.047029703,316887,11480.7002,27100,0.018670297,0.1025,0.0617,,8261000000,1161000000,3962,776,1857,0.0246,0.045,-1812
1/3/1998,139,135,73.54,74.16,68.11,75.49,75.19,76.73,70.19,74.52,,,117,,8604,35867000000,,,,,,,4445,3360,3414,0.035,0.019,84.8,0.048207664,316887,11518.7002,27100,0.008092336,0.1,0.0554,,12542000000,2088000000,5495,1342,1857,0.0246,0.045,-1812
1/4/1998,134.6,130,70.49,71.27,64.74,73.35,71.34,72.6,67.14,71.54,,,118.2,,5692,21757000000,,,,,,,4011,2739,1923,0.039,0.022,85.6,0.047735618,326177,10383.67969,24000,0.006964382,0.1,0.0638,,8622000000,1600000000,4619,1094,1857,0.0246,0.045,-1812
1/5/1998,127.8,125.6,64.94,65.47,63.62,68.31,66.11,66.4,60.82,65.54,,,117.8,,7809,25929000000,,,,,,,4073,2409,2627,0.041,0.026,85.7,0.045121951,326177,8934.55957,24000,0.024278049,0.1,0.0879,,8903000000,1597000000,5099,1170,1857,0.0246,0.045,-1812
1/6/1998,112.5,112.9,55.82,55.7,57.46,58.33,55.74,53.04,54.03,56.47,,,114.2,,8105,25633000000,,,,,,,4210,2714,2095,0.044,0.026,85.6,0.040097205,326177,8543.099609,24000,0.054302795,0.1,0.0988,,10256000000,1303000000,5761,964,1857,0.0246,0.045,-1812
1/7/1998,108.1,105.5,54.43,54.75,51.75,56.07,53.79,55.84,54.89,55.43,,,109.3,,5496,15499000000,,,,,,,4799,2787,1959,0.048,0.026,85.6,0.032569361,333161,7936.200195,24900,0.045530639,0.1,0.0851,,9408000000,1097000000,5605,954,1857,0.0246,0.045,-1812
1/8/1998,104.9,98.9,52.38,52.8,48.77,53.54,53.25,54.47,51.72,53.34,,,106.3,,6432,17905000000,,,,,,,4169,2674,1932,0.05,0.026,85.3,0.027710843,333161,7275.040039,24900,0.092589157,0.1,0.1928,,5193000000,886000000,3268,787,1857,0.0246,0.045,-1812
1/9/1998,98.5,99.5,48.54,48.99,45.1,49.27,48.76,51.42,48.58,49.26,,,103.4,,4455,11738000000,,,,,,,4469,2568,2488,0.05,0.027,85.4,0.025210084,333161,7883.459961,24900,0.057689916,0.1,0.0711,,6913000000,1065000000,4762,884,1857,0.0246,0.045,-1812
1/10/1998,95.7,94.7,47.66,48.24,43.21,49.24,48.38,49.41,46.88,48.64,,,101.8,,6702,18645000000,,,,,,,4584,2396,3151,0.052,0.027,84,0,331849,10154.94043,24000,0.0567,0.0975,0.0639,,9040000000,866000000,6037,840,1857,0.0246,0.045,-1812
1/11/1998,100.4,99.2,53.08,53.54,49.86,54.44,53.21,55.36,52.45,53.77,,,100.4,,11760,33265000000,,,,,,,4911,2493,3562,0.055,0.029,83.5,-0.007134364,331849,10402.32031,24000,0.061434364,0.095,0.0554,,13058000000,1650000000,8010,1514,1857,0.0246,0.045,-1812
1/12/1998,104.8,101.5,55.32,55.74,52.18,56.51,54.22,60.23,54.92,55.87,,,101.2,,10192,30645000000,,,,,,,4818,2931,4147,0.057,0.03,82.9,-0.016607355,331849,10048.58008,24000,0.069107355,0.0925,0.0538,,9532000000,1632000000,5991,1522,1857,0.0246,0.045,-1812
1/1/1999,104,100.9,55.73,56.17,51.93,57.09,55.8,58.53,54.81,56.4,,,102,4.6,7705,20755000000,,,,,,,4507,3044,3359,0.058,0.031,83.4,-0.010676157,300174,9506.900391,25800,0.064576157,0.0875,0.0637,,8118000000,1315000000,5152,1260,2944,0.0357,0.059,150
1/2/1999,102.3,97.8,55.63,56.11,51.51,57.41,55.97,59.16,53.35,56.32,,,100.9,4.6,5759,16074000000,,,,,,,3822,2923,2054,0.06,0.03,83.1,-0.017730496,300174,9858.490234,25800,0.073630496,0.0875,0.0604,0.5702,6890000000,1075000000,4294,969,2944,0.0357,0.059,150
1/3/1999,102,98.2,55.12,55.6,50.95,56.6,55.47,57.33,54.03,55.89,,,100.8,4.7,7031,18512000000,,,,,,,4313,3450,2920,0.062,0.03,82.6,-0.025943396,300174,10942.2002,25800,0.077543396,0.0875,0.0567,0.5888,10899000000,1578000000,7103,1344,2944,0.0357,0.059,150
1/4/1999,102.1,100.9,56.23,56.83,52.26,59.14,56.04,57.9,54.76,57.22,,,100.7,4.6,8463,25058000000,,,,,,,3744,2658,1958,0.063,0.029,82.3,-0.038551402,315431,13333.2002,25000,0.087151402,0.085,0.0479,0.5793,13019000000,1811000000,8116,1599,2944,0.0357,0.059,150
1/5/1999,103.1,101,56.31,56.83,52.13,59.6,55.59,58.05,55,57.42,,,100.4,4.6,9765,28636000000,,,,,,,3931,2685,2360,0.063,0.03,82.3,-0.039673279,315431,12147.12012,25000,0.088273279,0.0825,0.0517,0.5703,13083000000,2328000000,7629,1918,2944,0.0357,0.059,150
1/6/1999,102.2,103,56.37,56.81,52.63,58.23,56.74,58.83,55.19,57.25,,,100.5,4.6,6616,21254000000,,,,,,,4009,2732,2301,0.061,0.029,82,-0.042056075,315431,13532.13965,25000,0.095656075,0.0825,0.0587,0.5735,13073000000,2567000000,7620,2031,2944,0.0357,0.059,150
1/7/1999,101.4,103.8,55.6,56.13,50.96,56.82,56.01,58.94,54.36,56.51,,,100.8,4.7,6570,17475000000,,,,,,,4420,2663,2071,0.06,0.03,80.8,-0.056074766,329289,13186.86035,24000,0.114674766,0.0825,0.0614,0.5649,8659000000,1889000000,5452,1612,2944,0.0357,0.059,150
1/8/1999,100.5,101.5,54.73,55.24,50.3,56.54,55.62,55.81,53.55,55.73,,,100.3,4.7,5553,14381000000,,,,,,,4270,2638,1628,0.061,0.029,80.1,-0.060961313,329289,13482.76953,24000,0.122661313,0.085,0.0641,0.5829,7123000000,1670000000,4564,1398,2944,0.0357,0.059,150
1/9/1999,97,99,52.16,52.34,50.64,54.4,50.45,54.86,50.75,52.68,,,99.9,4.8,4445,10721000000,,,,,,,4254,2599,3111,0.061,0.031,80.3,-0.05971897,329289,12733.24023,24000,0.11731897,0.085,0.0554,0.5802,7952000000,1620000000,5253,1410,2944,0.0357,0.059,150
1/10/1999,95.7,98,51.96,51.86,50.27,53.78,51.41,53.7,49.9,52.59,,,99.3,4.8,4880,11258000000,,,,,,,4352,2403,2309,0.062,0.032,80.5,-0.041666667,341052,13256.9502,24000,0.097266667,0.085,0.0633,0.571,8004000000,1686000000,5478,1492,2944,0.0357,0.059,150
1/11/1999,94,98,51.49,50.95,50.09,53.16,49.88,52.2,49.42,51.79,,,97.4,4.9,4710,12180000000,,,,,,,4489,2643,3492,0.061,0.03,79.9,-0.043113772,341052,15377.19043,24000,0.098013772,0.085,0.0607,0.57,10938000000,2120000000,6974,1775,2944,0.0357,0.059,150
1/12/1999,95.6,97.8,53.22,52.48,51.5,55.11,51.74,53.53,50.22,53.59,,,96.9,4.8,5590,15690000000,,,,,,,4402,2949,3724,0.06,0.028,79.5,-0.041013269,341052,16962.09961,24000,0.101113269,0.085,0.0563,0.576,11829000000,2582000000,7405,2172,2944,0.0357,0.059,150
1/1/2000,97.2,101.2,53.97,52.69,52.82,54.27,52.72,54.88,50.17,53.59,,,97.8,4.7,5418,14458000000,,,,,,,4608,3241,3010,0.057,0.027,79,-0.052757794,321039,15532.33984,27000,0.103757794,0.085,0.0585,0.57,10269000000,2851000000,6565,2376,2149,0.0285,0.054,-957
1/2/2000,97.3,100.3,53.5,52.44,52.4,54.07,52.74,53.89,49.98,53.11,,,97.3,4.7,4703,12937000000,,,,,,,4069,3132,1966,0.057,0.026,79,-0.049338147,321039,17169.43945,27000,0.107338147,0.0864,0.0598,0.57,8250000000,2044000000,5315,1761,2149,0.0285,0.054,-957
1/3/2000,95,100.4,54.07,52.66,52.56,54.81,52.86,54.59,49.38,53.76,,,98,4.8,5174,13604000000,,,,,,,4430,3628,2936,0.056,0.028,78.7,-0.047215496,321039,17406.53906,27000,0.105015496,0.0879,0.0588,0.581,13941000000,2283000000,8643,2077,2149,0.0285,0.054,-957
1/4/2000,93.6,99.7,52.23,51.15,51.62,53.31,50.8,53.76,47.88,51.76,,,98.9,5,6481,16076000000,,,,,,,3468,2777,1942,0.053,0.03,78.7,-0.043742406,325717,15519.29981,25000,0.106642406,0.09,0.066,0.575,10759000000,2290000000,6832,1807,2149,0.0285,0.054,-957
1/5/2000,89.8,98.5,49.93,48.87,50.3,51.39,48.02,51.2,45.79,49.38,,,98.2,5.2,4815,12082000000,,,,,,,4303,2882,2596,0.051,0.033,78.6,-0.044957473,325717,14713.86035,25000,0.111957473,0.0916,0.0673,0.573,10933000000,2372000000,6775,2060,2149,0.0285,0.054,-957
1/6/2000,85.6,92.5,47.01,46.32,47.82,48.89,46.47,46.64,42.67,46.61,,,97.1,5.3,3906,8599000000,,,,,,,4026,2687,2210,0.051,0.032,78.3,-0.045121951,325717,16155.78027,25000,0.108321951,0.095,0.0614,0.573,10267000000,2095000000,6903,1883,2149,0.0285,0.054,-957
1/7/2000,86.3,90.8,47.71,46.6,48.7,48.68,46.58,48.92,42.85,47.19,,,96.8,5.3,5913,13143000000,,,,,,,4122,2668,1690,0.05,0.03,78.2,-0.032178218,342978,16840.98047,25000,0.092478218,0.095,0.0585,0.589,11362000000,1755000000,7659,1701,2149,0.0285,0.054,-957
1/8/2000,86.8,92.4,48.57,47.56,48.96,48.91,48.34,50.08,43.41,48.09,,,96.9,5.3,7348,18098000000,,,,,,,4572,2711,1553,0.05,0.028,78,-0.026217228,342978,17097.50977,25000,0.084117228,0.095,0.0649,0.591,8815000000,1780000000,5952,1663,2149,0.0285,0.054,-957
1/9/2000,87.8,93.8,48.53,47.01,48.47,49.24,45.96,49.2,44.12,48.08,,,97.6,5.3,6087,14996000000,,,,,,,4536,2425,3239,0.049,0.026,78,-0.02864259,342978,15648.98047,25000,0.09104259,0.095,0.0631,0.591,8135000000,1843000000,5389,1843,2149,0.0285,0.054,-957
1/10/2000,86.6,93.1,48.25,47.26,48.96,47.86,47.91,50.57,44.09,47.6,,,97.6,5.4,6239,17391000000,,,,,,,4174,2504,2434,0.047,0.026,78,-0.031055901,347767,14895.33984,25000,0.088855901,0.095,0.059,0.614,9067000000,1815000000,5693,1744,2149,0.0285,0.054,-957
1/11/2000,83.2,91.6,47.18,45.92,47.69,48.02,44.99,49,42.4,46.46,,,97.5,5.6,5197,11697000000,,,,,,,5181,2634,3622,0.045,0.027,78.1,-0.02252816,347767,13984.38965,25000,0.07752816,0.095,0.0577,0.624,6394000000,1439000000,4238,1388,2149,0.0285,0.054,-957
1/12/2000,81.3,90.6,45.04,44.21,45.69,45.56,43.89,46.95,41.2,44.38,,,97,5.6,4059,15312000000,,,,,,,5231,2704,3681,0.044,0.027,77.9,-0.020125786,347767,15095.53027,25000,0.081425786,0.095,0.0631,0.596,4472000000,1292000000,3125,1263,2149,0.0285,0.054,-957
1/1/2001,80.2,90,44.18,43.49,45.92,44.76,43.38,46.5,40.62,43.36,,,96.5,5.7,3860,9537000000,,,,,,,4867,3038,2174,0.044,0.027,77.8,-0.015189873,318843,16102.34961,28000,0.069789873,0.0911,0.0534,0.609,5309000000,1291000000,3445,1286,2189,0.024,0.057,4
1/2/2001,79.8,86.9,44.78,44.08,46.65,45.95,43.56,46.17,41.33,44.14,,,96.7,5.8,4014,8871000000,,,,,,,4257,2736,2227,0.045,0.025,77.1,-0.024050633,318843,14787.87012,28000,0.075450633,0.0857,0.0502,0.603,5885000000,1384000000,3856,1393,2189,0.024,0.057,4
1/3/2001,81.8,87.6,45.78,44.66,46.68,47.21,42.74,47.48,41.9,45.21,,,96.6,5.6,7231,15843000000,,,,,,,4250,2974,3450,0.046,0.024,77.2,-0.01905972,318843,12760.63965,28000,0.06825972,0.084,0.0514,0.613,8795000000,1944000000,6019,2004,2189,0.024,0.057,4
1/4/2001,81.9,88.2,44.82,43.89,45.81,46.1,41.77,47.45,41.35,44.25,,,96.2,5.5,5000,10898000000,,,,,,,3431,2503,1684,0.046,0.023,77.6,-0.013977128,322470,13386.04004,25500,0.060077128,0.0787,0.0429,0.617,6158000000,1689000000,4320,1739,2189,0.024,0.057,4
1/5/2001,80.2,84.8,44.37,43.5,45.53,45.58,41.75,47.07,40.59,43.99,,,95.6,5.6,6309,12225000000,,,,,,,4071,3013,2680,0.046,0.024,77.4,-0.015267176,322470,13174.41016,25500,0.053267176,0.0732,0.0391,0.618,8760000000,2432000000,6068,2566,2189,0.024,0.057,4
1/6/2001,80.7,84.1,43.82,42.98,44.83,44.73,41.79,45.84,40.16,44.23,,,94.8,5.5,6316,13598000000,,,,,,,3541,2531,2594,0.045,0.022,77.4,-0.011494253,322470,13042.53027,25500,0.048594253,0.07,0.0381,0.63,9349000000,2278000000,5999,2316,2189,0.024,0.057,4
1/7/2001,79.9,84.5,43.36,42.69,44.69,44.05,41.93,45.78,40.02,44.52,,,94.3,5.5,6199,15499000000,,,,,,,3851,2786,1999,0.046,0.022,77.5,-0.008951407,336906,12316.69043,25000,0.045251407,0.0677,0.0368,0.632,9585000000,1970000000,5699,2020,2189,0.024,0.057,4
1/8/2001,78.2,85.4,42.64,41.98,44.16,43.49,41.25,45.43,38.98,44.18,,,94,5.7,6503,14348000000,,,,,,,4119,2884,1882,0.049,0.022,77.1,-0.011538462,336906,11090.48047,25000,0.045338462,0.0669,0.0339,0.641,7632000000,1875000000,5073,2044,2189,0.024,0.057,4
1/9/2001,76.9,82.7,41.44,40.74,43.03,42.35,39.82,44.13,38.07,42.96,,,93.3,5.7,5462,11347000000,,,,,,,3863,2469,2884,0.052,0.025,77.1,-0.011538462,336906,9950.700195,25000,0.040438462,0.063,0.0258,0.639,6868000000,1548000000,4615,1700,2189,0.024,0.057,4
1/10/2001,73.9,79.3,40.01,39.57,42.44,40.83,39.33,42.9,36.66,41.38,,,91.9,5.9,4269,8341000000,,,,,,,4365,2751,2868,0.055,0.026,77.1,-0.011538462,342923,10073.96973,25000,0.032938462,0.0555,0.0215,0.637,6560000000,1596000000,5069,1855,2189,0.024,0.057,4
1/11/2001,73.3,79.3,40.4,39.85,41.91,41,40.14,42.29,36.79,41.9,,,89.9,5.8,7879,14678000000,,,,,,,4519,2728,4175,0.059,0.029,77,-0.014084507,342923,11279.25,25000,0.032484507,0.0531,0.0222,0.653,10133000000,2008000000,7518,2189,2189,0.024,0.057,4
1/12/2001,73.5,79.4,40.35,39.72,41.79,41.04,39.41,42.57,37.1,41.91,,,88.1,5.6,6625,15731000000,,,,,,,4010,2892,4208,0.062,0.03,75.1,-0.035943517,342923,11397.20996,25000,0.054243517,0.0517,0.021,0.662,10767000000,1925000000,6386,1955,2189,0.024,0.057,4
1/1/2002,73.9,79.5,40.31,39.66,41.83,41.05,39.2,42.69,37,42.05,,,86.8,5.6,7847,18184000000,,,,,,,4208,3434,3653,0.067,0.032,75.1,-0.03470437,308313,10725.29981,26400,0.05200437,0.0513,0.0198,0.662,10456000000,2360000000,6554,2541,2836,0.0406,0.068,-18
1/2/2002,73.6,80,40.7,40.06,42.14,42.15,39.45,42.73,36.41,42.49,,,85.9,5.5,5695,12375000000,,,,,,,3616,3018,1997,0.068,0.032,75.3,-0.023346304,308313,10482.54981,26400,0.041746304,0.0513,0.02,0.662,6591000000,1593000000,4271,1675,2836,0.0406,0.068,-18
1/3/2002,73,79.7,41.09,40.5,42.32,41.98,40.39,43.47,37.06,42.92,,,84.9,5.5,5450,10985000000,,,,,,,3617,2790,2981,0.07,0.032,75.5,-0.022020725,308313,11032.91992,26400,0.042320725,0.0513,0.0213,0.664,7677000000,1650000000,4936,1810,2836,0.0406,0.068,-18
1/4/2002,72,79.5,40.61,40,42.06,41.28,39.93,42.09,37.4,42.41,,,84.6,5.5,7409,15255000000,,,,,,,3793,2993,1817,0.071,0.03,75.2,-0.030927835,315423,11497.58008,25000,0.049227835,0.0513,0.0189,0.671,9305000000,1776000000,6557,2001,2836,0.0406,0.068,-18
1/5/2002,72.1,79.3,39.98,39.31,41.66,40.72,38.15,42.24,37.49,41.66,,,83.3,5.4,7325,16941000000,,,,,,,3806,2888,2495,0.074,0.031,75,-0.031007752,315423,11301.94043,25000,0.048107752,0.0513,0.0173,0.661,10319000000,1868000000,7389,2021,2836,0.0406,0.068,-18
1/6/2002,71.5,78.7,39.67,38.98,41.53,40.43,37.8,42.27,36.82,41.27,,,82.6,5.4,7195,16129000000,,,,,,,3384,2544,2215,0.077,0.029,74.9,-0.032299742,315423,10598.54981,25000,0.048799742,0.0513,0.0179,0.658,3956000000,3524000000,,,2836,0.0406,0.068,-18
1/7/2002,70.6,78.1,39.25,38.53,41.35,39.9,37.49,41.7,36.44,40.78,,,81.9,5.4,4961,10272000000,,,,,,,4124,3003,1951,0.078,0.028,74.8,-0.03483871,333309,10267.36035,25000,0.05183871,0.0513,0.0175,0.685,1993000000,3484000000,,,2836,0.0406,0.068,-18
1/8/2002,67.9,77.1,38.27,37.48,40.87,39.28,36.22,40.22,35.08,39.65,,,81.5,5.5,4881,9867000000,,,,,,,4033,2701,1755,0.076,0.029,74.6,-0.032425422,333309,10043.87012,25000,0.048725422,0.0513,0.0175,0.67,3120000000,2975000000,,,2836,0.0406,0.068,-18
1/9/2002,66.3,75.7,37.49,36.68,40.18,38.25,35.35,39.59,34.67,38.8,,,80.1,5.6,6278,12113000000,,,,,,,4042,2556,2856,0.074,0.029,74.3,-0.036316472,333309,9072.209961,25000,0.054116472,0.0513,0.0191,0.689,5469000000,2348000000,,,2836,0.0406,0.068,-18
1/10/2002,64.8,75.6,36.75,35.93,39.57,36.92,35.4,37.79,34.55,38.04,,,78.6,5.6,5863,11658000000,,,,,,,4510,2809,2819,0.072,0.03,74.3,-0.036316472,340295,9441.25,25000,0.056316472,0.0513,0.0191,0.671,4014000000,2546000000,,,2836,0.0406,0.068,-18
1/11/2002,64.5,76.2,36.04,35.22,38.99,36.81,34.26,36.79,33.51,37.37,,,77.7,5.5,4941,9122000000,,,,,,,4415,2564,3639,0.071,0.03,74.2,-0.036363636,340295,10069.87012,25000,0.051463636,0.0503,0.0151,0.65,2624000000,2431000000,,,2836,0.0406,0.068,-18
1/12/2002,64.2,75.1,35.99,35.16,39.07,36.58,34.97,36.62,33.05,37.36,,,76.6,5.5,5129,11351000000,,,,,,,4571,3016,3892,0.072,0.031,74,-0.014647137,340295,9321.290039,25000,0.029247137,0.05,0.0149,0.646,3953000000,2624000000,,,2836,0.0406,0.068,-18
1/1/2003,63,74.6,35.81,34.98,38.85,36.11,35.82,36.33,32.21,37.12,,,76.1,5.5,6187,11997000000,,,,,,,4287,3398,2854,0.072,0.031,73.9,-0.015978695,304457,9258.950195,26000,0.029378695,0.05,0.0144,0.648,2812000000,2328000000,1818,2344,2200,-0.0782,0.068,413
1/2/2003,62.9,72.1,35.4,34.57,38.47,35.44,35.36,37.23,31.64,36.63,,,75.2,5.5,3649,6406000000,,,,,,,3719,3268,2245,0.074,0.029,73.8,-0.019920319,304457,9122.660156,26000,0.033120319,0.05,0.0142,0.641,1549000000,1617000000,1117,1621,2200,-0.0782,0.068,413
1/3/2003,60.7,70.2,34.52,33.72,37.46,34.72,35.18,35.65,30.26,35.79,,,74.8,5.7,4550,11520000000,,,,,,,3905,3119,3911,0.075,0.029,73.9,-0.021192053,304457,8634.450195,26000,0.033992053,0.05,0.0138,0.649,3529000000,2015000000,2017,1992,2200,-0.0782,0.068,413
1/4/2003,60,69.1,33.37,32.54,36.57,33.64,33.68,34.61,29.26,34.51,,,74.1,5.6,5373,10520000000,,,,,,,3673,3364,1889,0.078,0.032,73.9,-0.017287234,293356,8717.219727,24000,0.031387234,0.05,0.0156,0.662,3017000000,1700000000,2040,1803,2200,-0.0782,0.068,413
1/5/2003,59.2,68.6,32.64,31.79,36.16,33.1,32.36,34.32,28.52,33.71,,,72.6,5.6,4130,7488000000,,,,,,,3837,3219,2824,0.083,0.038,73.1,-0.025333333,293356,9487.379883,24000,0.038233333,0.05,0.0133,0.641,2178000000,1941000000,1492,2160,2200,-0.0782,0.068,413
1/6/2003,58.8,68.1,32.4,31.58,35.65,33.18,31.13,34.14,29.17,33.52,,,71.5,5.6,4833,8969000000,,,,,,,3699,2919,2419,0.086,0.043,72.5,-0.032042724,293356,9577.120117,24000,0.042842724,0.05,0.0111,0.649,3307000000,2252000000,2158,2409,2200,-0.0782,0.068,413
1/7/2003,57.9,67.4,32.35,31.56,35.47,33.62,31.19,33.65,28.67,33.6,,,71.5,5.7,6525,12493000000,,,,,,,3954,2839,1858,0.087,0.042,71.8,-0.040106952,323046,10134.83008,24000,0.050706952,0.05,0.0117,0.661,4762000000,2593000000,3503,2701,2200,-0.0782,0.068,413
1/8/2003,58,68.4,31.92,31.18,34.7,32.63,31.59,33.41,28.01,33.09,,,71.5,5.7,6559,12203000000,,,,,,,3571,2559,1936,0.086,0.04,71.7,-0.038873995,323046,10908.99023,24000,0.049273995,0.05,0.0113,0.642,2790000000,2193000000,2008,2373,2200,-0.0782,0.068,413
1/9/2003,60.3,71.8,32.93,32.29,35,34.6,32.19,35.31,27.85,34.23,,,70.6,5.3,5632,11247000000,,,,,,,3963,2830,3442,0.083,0.036,71.9,-0.03230148,323046,11229.87012,24000,0.04100148,0.05,0.0066,0.643,3832000000,2759000000,2330,2796,2200,-0.0782,0.068,413
1/10/2003,62.6,75.7,34.74,34.1,36.61,36.82,33.61,37.25,29.43,36.19,,,71,5.1,9360,27730000000,,,,,,,4414,2808,3219,0.08,0.035,72.3,-0.0269179,335810,12190.09961,24500,0.0283179,0.05,0.0022,0.648,5868000000,3711000000,3438,3539,2200,-0.0782,0.068,413
1/11/2003,63.6,76.5,35.9,35.23,37.84,38.05,34.82,39.47,29.63,37.29,,,71.6,5.1,7811,17636000000,,,,,,,4320,2817,4606,0.075,0.034,72.5,-0.022911051,335810,12317.46973,24500,0.023711051,0.05,0.0013,0.642,3876000000,3393000000,2255,2999,2200,-0.0782,0.068,413
1/12/2003,64.5,81.1,37.07,36.37,39.26,39.15,36.01,40.34,31.2,38.54,,,72,5.1,6967,15370000000,,,,,,,4345,3281,4236,0.074,0.033,72.6,-0.018918919,335810,12575.94043,24500,0.020418919,0.05,0.0009,0.653,4336000000,3414000000,2504,2960,2200,-0.0782,0.068,413
1/1/2004,68.5,84.5,38.04,37.32,40.18,40.51,36.58,41.53,31.83,39.58,,,73.2,4.9,7726,18028000000,,,,,,,3760,3492,2844,0.073,0.033,72.8,-0.01488498,313811,13289.37012,25700,0.01558498,0.05,0.0008,0.649,4863000000,3803000000,2864,3179,2170,0.0268,0.062,1835
1/2/2004,72.1,89.7,40.69,39.96,42.73,43.94,39.41,43.11,33.46,42.38,,,73.6,4.6,9449,26311000000,,,,,,,3205,3444,2996,0.072,0.033,72.3,-0.020325203,313811,13907.03027,25700,0.021025203,0.05,0.001,0.649,5769000000,5529000000,3142,3896,2170,0.0268,0.062,1835
1/3/2004,76.7,98,44.38,43.55,46.97,49.13,42.45,46.52,35.46,46.22,,,75.1,4.4,11449,32995000000,,,,,,,3780,3536,3840,0.072,0.034,72.4,-0.0202977,313811,12681.66992,25700,0.0209977,0.05,0.0008,0.644,5128000000,8195000000,2774,5765,2170,0.0268,0.062,1835
1/4/2004,78,99.2,46.14,45.24,49.09,49.88,45.33,48.28,37.16,47.97,,,76.1,4.4,8994,26724000000,,,,,,,3503,3181,2661,0.071,0.034,72.8,-0.01488498,317077,11942.95996,24100,0.01568498,0.05,0.0016,0.636,2419000000,6808000000,1427,4708,2170,0.0268,0.062,1835
1/5/2004,76.2,98.1,46.71,45.6,50.95,49.9,45.04,50.03,37.85,48.14,,,76.2,4.5,7380,19864000000,,,,,,,3513,2867,3279,0.07,0.035,72.5,-0.008207934,317077,12198.24023,24100,0.009107934,0.05,0.0015,0.627,1994000000,5852000000,980,4143,2170,0.0268,0.062,1835
1/6/2004,73.3,96.2,47.03,45.86,51.69,51.38,44.95,48.78,37.54,48.49,,,76.6,4.7,7362,17726000000,,,,,,,3756,2964,3152,0.069,0.035,72.4,-0.00137931,317077,12285.75,24100,0.00267931,0.05,0.0015,0.619,2760000000,5178000000,1361,3890,2170,0.0268,0.062,1835
1/7/2004,73.5,96.3,46.55,45.38,51.3,50.33,44.92,47.77,37.68,48.03,,,76.4,4.7,6911,16026000000,,,,,,,3972,3102,2966,0.069,0.035,72.5,0.009749304,333880,12238.03027,24500,-0.008449304,0.05,0.0041,0.622,3481000000,4618000000,2015,3542,2170,0.0268,0.062,1835
1/8/2004,76.3,96.4,45.35,44.11,50.61,48.62,43.86,47.83,36.05,46.6,,,76.9,4.6,5716,14142000000,,,,,,,4137,2993,2441,0.068,0.033,72.3,0.008368201,333880,12850.28027,24500,-0.004568201,0.05,0.0044,0.636,2790000000,5257000000,1284,3778,2170,0.0268,0.062,1835
1/9/2004,79.4,104,46.35,45.08,51.7,50.32,44.37,47.58,37.49,47.79,,,77.8,4.4,7385,19476000000,,,,,,,4235,2900,3241,0.068,0.032,72.4,0.006954103,333880,13120.03027,24500,0.000445897,0.05033,0.01,0.639,2690000000,6629000000,1145,4379,2170,0.0268,0.062,1835
1/10/2004,82.4,109,47.22,45.98,52.25,51.36,44.26,49.65,38.66,48.69,,,77.9,4.3,8811,26585000000,,,,,,,4736,2829,4130,0.067,0.032,72.7,0.005532503,352181,13054.66016,25000,0.000767497,0.05125,0.0016,0.653,3915000000,8529000000,1624,5369,2170,0.0268,0.062,1835
1/11/2004,80.9,109.6,48.88,47.6,54.35,51.99,47.03,51.06,40.04,50.38,,,78.9,4.4,11281,34975000000,,,,,,,5225,2938,4607,0.067,0.032,72.8,0.004137931,352181,14060.04981,25000,-0.002537931,0.05046,0.0076,0.645,2323000000,8822000000,1064,5776,2170,0.0268,0.062,1835
1/12/2004,81.5,111.2,49.52,48.19,55.22,52.8,47.89,51.12,40.13,50.98,,,79,4.4,8166,23884000000,,,,,,,5092,3076,5220,0.065,0.031,72.9,0.004132231,352181,14230.13965,25000,0.000267769,0.05,0.0028,0.639,2503000000,8545000000,1221,5355,2170,0.0268,0.062,1835
1/1/2005,83.8,115.5,49.47,48.12,55.3,53.04,47.67,51.81,39.28,50.81,,,80.4,4.4,7909,23290000000,,,,,,,4852,3807,4651,0.064,0.031,72.6,-0.002747253,327783,13721.69043,26000,0.006747253,0.05,0.0056,0.627,3442000000,7606000000,1504,4978,1443,0.0177,0.06,1154
1/2/2005,87.9,114.8,50.63,49.31,56.19,53.92,49.77,52.35,40.33,51.82,,,80.6,4.2,8260,23487000000,,,,,,,4210,3241,3088,0.061,0.03,72.9,0.008298755,327783,14195.34961,26000,0.004401245,0.05,0.0172,0.653,2828000000,7718000000,1210,4592,1443,0.0177,0.06,1154
1/3/2005,93.1,120.4,52.35,51.06,57.57,56.05,51.38,53.89,41.86,53.3,,,81.8,4,8673,26688000000,,,,,,,4519,3873,3605,0.061,0.031,72.9,0.006906077,327783,13516.87988,26000,0.013093923,0.05089,0.0253,0.658,3239000000,12115000000,1257,7229,1443,0.0177,0.06,1154
1/4/2005,93.8,124,54.8,53.48,60.18,58.42,53.98,55.32,44.47,55.52,,,83.3,4.1,14124,38662000000,,,,,,,4338,3420,3053,0.059,0.03,73,0.002747253,338730,13908.96973,25000,0.020052747,0.0525,0.0196,0.655,2426000000,15910000000,934,9528,1443,0.0177,0.06,1154
1/5/2005,93.8,122.3,55.44,54.15,60.52,58.95,54.66,57.27,44.84,56.13,,,84.5,4.1,12463,45800000000,,,,,,,4332,3221,3694,0.057,0.03,73,0.006896552,338730,13867.07031,25000,0.017903448,0.05395,0.0347,0.64,1780000000,12108000000,886,7574,1443,0.0177,0.06,1154
1/6/2005,91.2,123.7,55.75,54.5,60.58,59.68,55.19,57.01,44.89,56.41,,,85,4.2,10750,30628000000,,,,,,,4318,3326,3134,0.057,0.028,73.2,0.011049724,338730,14201.05957,25000,0.021250276,0.0575,0.034,0.639,1969000000,10215000000,893,6438,1443,0.0177,0.06,1154
1/7/2005,91.1,123.9,55.43,54.12,60.82,58.43,55.54,56.11,45.14,55.84,,,86,4.3,7497,24337000000,,,,,,,4569,3160,2858,0.057,0.028,73.3,0.011034483,363813,14880.98047,25000,0.021565517,0.06266,0.034,0.613,999000000,7381000000,476,4797,1443,0.0177,0.06,1154
1/8/2005,92.3,124.2,55.51,54.05,61.92,58.77,55.8,55.05,44.68,55.56,,,86.1,4.3,7298,22015000000,,,,,,,4874,3143,2639,0.057,0.027,73.2,0.012448133,363813,14903.54981,25000,0.021951867,0.06669,0.0363,0.618,929000000,7907000000,387,5184,1443,0.0177,0.06,1154
1/9/2005,92.4,125.4,55.75,54.34,61.7,59.79,55.19,55.72,44.88,55.56,,,87.8,4.3,7100,17933000000,,,,,,,4940,2705,3593,0.055,0.026,73.5,0.01519337,363813,15428.51953,25000,0.02170663,0.06817,0.0418,0.608,1166000000,7560000000,509,4802,1443,0.0177,0.06,1154
1/10/2005,90.2,124.7,55.11,53.69,61.15,58.7,54.1,55.64,44.9,54.68,,,88.6,4.5,8554,29907000000,,,,,,,5055,2905,3610,0.053,0.025,73.7,0.013755158,381799,14386.37012,25000,0.027844842,0.07,0.0421,0.607,1610000000,6901000000,692,4453,1443,0.0177,0.06,1154
1/11/2005,86.9,121.3,54.04,52.52,60.85,58.03,52.65,54.12,43.72,53.45,,,88.5,4.6,6308,19411000000,,,,,,,5557,2732,4545,0.053,0.024,73.7,0.012362637,381799,14937.13965,25000,0.026537363,0.07467,0.0406,0.602,2024000000,5509000000,916,3788,1443,0.0177,0.06,1154
1/12/2005,88.5,123,52.69,51.12,59.88,55.74,51.96,52.72,42.8,51.8,,,88,4.5,4426,10673000000,,,,,,,5560,3150,4548,0.053,0.025,73.8,0.012345679,381799,14876.42969,25000,0.027954321,0.07637,0.041,0.593,1740000000,5048000000,823,3424,1443,0.0177,0.06,1154
1/1/2006,89.4,121.8,53.11,51.62,59.81,56.02,53.08,53.72,42.51,52.05,,,87.4,4.4,4899,11763000000,,,,,,,4927,3131,3373,0.052,0.024,74,0.019283747,355347,15753.13965,28000,0.018516253,0.0775,0.0373,0.59,1267000000,5532000000,501,3653,1382,0.0149,0.059,-327
1/2/2006,89.6,122.2,53.57,52.02,60.54,57.23,53.13,53.35,42.68,52.44,,,87.6,4.4,5369,13619000000,,,,,,,4924,3463,3318,0.052,0.023,73.8,0.012345679,355347,15918.48047,28000,0.025654321,0.0775,0.0407,0.602,1157000000,5669000000,437,3586,1382,0.0149,0.059,-327
1/3/2006,91.2,123.2,54.03,52.46,61.26,57.62,53.62,54.14,42.8,52.86,,,87.9,4.4,7456,19846000000,,,,,,,5216,3482,4532,0.052,0.023,74.1,0.016460905,355347,15805.04004,28000,0.024939095,0.07766,0.0415,0.599,2043000000,8184000000,694,5230,1382,0.0149,0.059,-327
1/4/2006,91.9,125.9,54.32,52.71,61.85,57.85,54.55,53.68,42.62,53.14,,,89.6,4.4,6849,20244000000,,,,,,,4468,2822,3088,0.051,0.024,74.4,0.019178082,357109,16661.30078,26500,0.023521918,0.08,0.046,0.597,1696000000,7263000000,591,4576,1382,0.0149,0.059,-327
1/5/2006,92.4,127,53.86,52.27,61.31,57.33,53.98,53.08,42.52,52.68,,,89.4,4.3,7812,23373000000,,,,,,,4974,3220,3666,0.049,0.026,74.5,0.020547945,357109,15857.88965,26500,0.024052055,0.08,0.045,0.6,3239000000,7962000000,1312,4971,1382,0.0149,0.059,-327
1/6/2006,90.7,124.5,53.94,52.35,61.31,58.03,53.38,53.37,42.43,52.73,,,89,4.4,7150,19432000000,,,,,,,5143,3245,4113,0.049,0.026,74.8,0.021857923,357109,16267.62012,26500,0.020942077,0.08,0.0419,0.601,3218000000,7055000000,1231,4514,1382,0.0149,0.059,-327
1/7/2006,90.4,121.5,53.41,51.77,61.11,57.46,52.29,53.53,42.23,52.16,,,89.9,4.5,5398,13764000000,,,,,,,5193,3227,3355,0.049,0.025,75,0.02319236,382405,16971.33984,25500,0.01700764,0.08,0.039,0.588,1833000000,6003000000,712,3753,1382,0.0149,0.059,-327
1/8/2006,91.2,127.3,53.29,51.66,60.96,57.07,53.11,52.77,41.37,52.01,,,90.3,4.4,7032,21036000000,,,,,,,5650,3183,3014,0.048,0.024,75,0.024590164,382405,17392.26953,25500,0.014309836,0.08,0.0412,0.604,2974000000,6869000000,1253,4303,1382,0.0149,0.059,-327
1/9/2006,91.6,126.4,52.31,50.67,60.08,55.45,51.84,52.73,41.04,50.98,,,91.5,4.4,9811,28968000000,,,,,,,5625,2791,3759,0.047,0.023,75,0.020408163,382405,17543.05078,25500,0.019591837,0.08,0.0425,0.602,3305000000,5870000000,1462,3772,1382,0.0149,0.059,-327
1/10/2006,91.3,126,52.92,51.28,60.67,57.02,51.63,52.82,41.89,51.63,,,91.7,4.5,6335,18152000000,,,,,,,6128,2955,5829,0.046,0.024,75.1,0.018995929,408491,18324.34961,25100,0.021704071,0.08,0.0397,0.606,2959000000,6027000000,1149,3852,1382,0.0149,0.059,-327
1/11/2006,91.3,125.6,54.03,52.37,61.96,60.08,52.8,52.27,41.27,52.8,,,92.9,4.5,7106,19461000000,,,,,,,6699,2942,5320,0.044,0.025,75.3,0.021709634,408491,18960.48047,25100,0.017090366,0.078,0.0425,0.601,4794000000,7290000000,1582,4502,1382,0.0149,0.059,-327
1/12/2006,92,127.2,53.32,51.48,62.51,57.76,53.06,52.06,40.43,51.91,,,93.1,4.5,7255,22370000000,,,,,,,6230,2954,6829,0.044,0.024,75.5,0.02303523,408491,19964.7207,25100,0.01636477,0.078,0.0391,0.605,4046000000,6632000000,1689,4112,1382,0.0149,0.059,-327
1/1/2007,93.3,130.3,53.27,51.44,62.49,58.7,52.48,51.95,39.84,51.87,,,93.6,4.5,7485,21350000000,,,,,,,6341,3956,5266,0.044,0.023,75.4,0.018918919,381839,20106.41992,28000,0.019881081,0.0775,0.04,0.591,2208000000,7884000000,969,4852,873,0.0097,0.049,-330
1/2/2007,94.7,131.8,53.75,51.78,63.88,59,53.05,52,40.19,52.24,,,93.7,4.4,7804,22132000000,,,,,,,5065,3219,3380,0.043,0.022,74.4,0.008130081,381839,19651.50977,28000,0.032569919,0.0775,0.0415,0.619,1730000000,6881000000,898,4230,873,0.0097,0.049,-330
1/3/2007,96,133.3,54.57,52.65,64.33,59.79,54.85,51.86,40.57,53.16,,,94.9,4.5,8039,25191000000,,,,,,,5350,3981,3994,0.043,0.022,75.8,0.02294197,381839,19800.92969,28000,0.01805803,0.0775,0.0423,0.607,2588000000,10121000000,1143,5904,873,0.0097,0.049,-330
1/4/2007,96.7,136.4,55.11,53.21,64.69,61.12,54.16,53.26,41.3,53.7,,,96.2,4.4,9530,39442000000,,,,,,,4722,3262,2992,0.043,0.021,75.4,0.01344086,386249,20318.98047,27300,0.02915914,0.0775,0.0425,0.612,2478000000,8455000000,1066,5210,873,0.0097,0.049,-330
1/5/2007,98.6,137,55.22,53.26,65.28,61,54.08,53.49,41.42,53.69,,,97.7,4.4,11110,38187000000,,,,,,,5139,3505,3450,0.043,0.022,75.5,0.013422819,386249,20634.4707,27300,0.030777181,0.0775,0.0461,0.616,3359000000,11060000000,1568,6764,873,0.0097,0.049,-330
1/6/2007,99.5,140.7,56.13,53.99,67.27,61.24,54.88,54.42,42.6,54.43,,,98.2,4.4,9653,31680000000,,,,,,,5155,3025,3365,0.042,0.022,75.8,0.013368984,386249,21772.73047,27300,0.030131016,0.0775,0.0448,0.618,3372000000,10927000000,1279,6388,873,0.0097,0.049,-330
1/7/2007,100.8,141.2,56.48,54.37,67.47,62.51,54.74,54.45,42.59,54.74,,,100.1,4.4,9188,28732000000,,,,,,,5489,3511,3112,0.041,0.023,76.1,0.014666667,423798,23184.93945,27500,0.027833333,0.0775,0.0424,0.615,3492000000,10840000000,1418,6563,873,0.0097,0.049,-330
1/8/2007,101.8,146.3,57.16,55.13,67.64,64.03,55.83,54.4,42.83,55.6,,,101.5,4.4,11480,36760000000,,,,,,,5915,3159,2609,0.042,0.023,76.2,0.016,423798,23984.14063,27500,0.0286,0.0775,0.049,0.614,3792000000,12500000000,1620,7384,873,0.0097,0.049,-330
1/9/2007,103.1,149,57.76,55.61,69.02,64.26,56.07,55.11,43.34,55.97,,,102.5,4.5,8753,24101000000,,,,,,,5734,2869,3885,0.04,0.022,76.3,0.017333333,423798,27142.4707,27500,0.031566667,0.07658,0.0547,0.612,2994000000,9686000000,1316,5697,873,0.0097,0.049,-330
1/10/2007,106.2,153.6,58.81,56.59,70.49,65.83,56.98,55.99,43.59,56.93,,,103.9,4.4,11271,43829000000,,,,,,,7229,3047,4111,0.039,0.023,77.5,0.03195739,458870,31352.58008,28000,0.01944261,0.075,0.0469,0.624,4113000000,15698000000,1761,8417,873,0.0097,0.049,-330
1/11/2007,110.9,158.8,61.8,59.3,75.11,69.44,59.31,57.9,45.01,59.39,,,105.9,4.2,15759,70116000000,,,,,,,7330,3106,5396,0.036,0.022,77.9,0.034528552,458870,28643.60938,28000,-0.002728552,0.071,0.0375,0.62,2740000000,21886000000,1004,11053,873,0.0097,0.049,-330
1/12/2007,115.4,165.9,65.82,63.11,80.28,75.11,62.62,61.41,47.12,63.17,,,107.9,4.1,13503,52511000000,,,,,,,6925,3323,5890,0.034,0.021,78.4,0.038410596,458870,27812.65039,28000,-0.002510596,0.0685,0.0325,0.627,1777000000,18634000000,639,9178,873,0.0097,0.049,-330
1/1/2008,120.8,170.2,69.01,66.3,83.28,79.71,65.21,64.41,49.48,66.38,,,110.5,4.1,14786,56527000000,,,,,,,7332,3777,5091,0.034,0.021,77.9,0.033156499,418762,23455.74023,30000,-0.006656499,0.0656,0.022,0.629,2714000000,23656000000,974,11372,731,0.0062,0.049,1868
1/2/2008,123.3,171.8,72.55,69.56,88.55,83.19,69.1,67.29,51.66,69.65,,,112.9,4.1,12581,43765000000,,,,,,,5901,4026,2702,0.033,0.019,79,0.061827957,418762,24331.66992,30000,-0.040227957,0.0575,0.027,0.628,1582000000,18920000000,537,9059,731,0.0062,0.049,1868
1/3/2008,124.1,173.1,73.33,70.31,89.44,83.32,69.56,69.5,52.36,70.34,,,116,4.1,9550,37442000000,,,,,,,5773,3995,2509,0.034,0.019,79,0.042216359,418762,22849.19922,30000,-0.022816359,0.0556,0.0168,0.627,2991000000,17679000000,925,8063,731,0.0062,0.049,1868
1/4/2008,122.4,172.5,72.43,69.51,87.9,80.42,69.89,68.22,53.06,69.57,,,115.8,4.2,9047,27564000000,,,,,,,5600,3536,2963,0.033,0.018,79.5,0.054376658,409388,25755.34961,28600,-0.039376658,0.0525,0.0166,0.626,4337000000,15203000000,1345,7684,731,0.0062,0.049,1868
1/5/2008,124.2,173.3,71.87,68.84,88.18,79.65,69.95,66.97,52.47,69.05,,,118.5,4.2,8281,26304000000,,,,,,,5797,3264,3878,0.033,0.018,79.7,0.055629139,409388,24533.11914,28600,-0.041729139,0.0525,0.0167,0.624,2449000000,15109000000,860,7886,731,0.0062,0.049,1868
1/6/2008,124.4,175.7,72.93,69.78,89.98,83.19,68.75,66.91,53.24,69.84,,,119,4.2,10205,50431000000,,,,,,,5704,3172,3195,0.033,0.019,80.4,0.060686016,409388,22102.00977,28600,-0.043486016,0.0525,0.019,0.638,2018000000,16169000000,772,8232,731,0.0062,0.049,1868
1/7/2008,122.9,170.2,72.14,69.03,89,82.06,68.02,66.09,53.04,69.09,,,118.8,4.3,7433,25138000000,,,,,,,6556,3498,2801,0.032,0.019,81,0.064388962,436152,22731.09961,29000,-0.046788962,0.0525,0.0194,0.627,1354000000,13562000000,400,7065,731,0.0062,0.049,1868
1/8/2008,121,166.2,70.37,67.18,87.78,79.11,65.96,65.37,52.02,67.18,,,118.6,4.3,5284,14974000000,,,,,,,6261,3070,2671,0.032,0.019,79.7,0.045931759,436152,21261.89063,29000,-0.028531759,0.0525,0.0188,0.639,846000000,9928000000,241,5193,731,0.0062,0.049,1868
1/9/2008,120.2,162.5,68.28,65.31,84.37,74.93,64.57,65.26,51.15,65.27,,,115.9,4.3,6075,18733000000,,,,,,,7155,3270,4360,0.034,0.018,78.6,0.030144168,436152,18016.21094,29000,-0.004144168,0.0525,0.0436,0.639,1774000000,9896000000,599,5303,731,0.0062,0.049,1868
1/10/2008,112.9,150,65.45,62.71,80.18,71.62,62.25,63.5,49.38,62.85,,,112.2,4.5,4719,16278000000,,,,,,,7781,3130,3876,0.035,0.017,78.9,0.018064516,443186,13968.66992,29000,0.018335484,0.0525,0.0211,0.615,1770000000,9311000000,511,4930,731,0.0062,0.049,1868
1/11/2008,103.8,135.2,58.58,56.15,71.54,63.17,56.28,57.52,45.14,56.49,,,104,4.5,3264,9007000000,,,,,,,7293,3009,5638,0.038,0.018,80.3,0.030808729,443186,13888.24023,29000,-0.020508729,0.0508,0.011,0.607,1333000000,5831000000,316,3419,731,0.0062,0.049,1868
1/12/2008,103.7,135.8,56.89,54.56,69.35,61.7,55.02,55.05,43.82,54.96,,,96.2,4.1,4706,17662000000,,,,,,,7598,3756,5999,0.041,0.019,80,0.020408163,443186,14387.48047,29000,-0.011708163,0.05,0.003,0.615,2284000000,6927000000,841,3871,731,0.0062,0.049,1868
1/1/2009,106,138.4,57.85,55.79,68.45,63.64,56.01,56.55,44.49,56.25,,,93.7,3.9,4875,16124000000,,,,,,,6856,3425,3649,0.046,0.021,80.3,0.030808729,389033,13278.20996,30000,-0.028108729,0.05,0.0039,0.642,2160000000,8324000000,679,4603,596,0.0043,0.043,1016
1/2/2009,106.6,141.3,58.55,56.52,68.88,64.88,57.09,57.23,44.23,57.02,,,92.7,3.9,4487,13622000000,,,,,,,6435,4132,3428,0.05,0.021,79.7,0.008860759,389033,12811.57031,30000,-0.007260759,0.05,0.0025,0.63,1921000000,8555000000,398,4755,596,0.0043,0.043,1016
1/3/2009,108.1,141.8,59.66,57.66,69.69,66.2,57.85,57.61,45.9,58.1,,,92,3.8,7102,25448000000,,,,,,,6751,3583,5030,0.052,0.021,79.9,0.011392405,389033,13576.01953,30000,-0.009492405,0.05,0.0032,0.648,3972000000,11388000000,1063,6262,596,0.0043,0.043,1016
1/4/2009,112.3,145.4,61.27,59.3,71.05,68.17,59.88,59.1,46.66,59.76,,,93.1,3.7,9856,31580000000,,,,,,,6594,3304,2955,0.053,0.022,80,0.006289308,396706,15520.99023,28000,-0.004589308,0.05,0.0016,0.653,4385000000,16163000000,1423,8461,596,0.0043,0.043,1016
1/5/2009,115.5,150,64.31,62.19,74.84,71.87,62.37,62.12,48.52,62.56,,,95,3.6,11788,39423000000,,,,,,,5884,3243,4004,0.053,0.023,79.8,0.001254705,396706,18171,28000,4.52949E-05,0.05,0.001,0.652,6493000000,19810000000,2101,10002,596,0.0043,0.043,1016
1/6/2009,119.7,157.3,66.59,64.48,76.98,75.07,64.89,63.14,50.14,64.88,,,97.8,3.6,13805,49713000000,,,,,,,6423,3513,3550,0.054,0.023,79.7,-0.008706468,396706,18378.73047,28000,0.010006468,0.05,0.001,0.659,9335000000,25229000000,2806,12348,596,0.0043,0.043,1016
1/7/2009,122.5,163.7,68.35,66.13,79.34,76.45,66.74,65.01,51.21,66.43,,,98.4,3.5,12023,43566000000,,,,,,,6650,3215,3192,0.054,0.024,79.7,-0.016049383,421283,20573.33008,28000,0.017349383,0.05,0.0007,0.651,6164000000,27263000000,1638,12816,596,0.0043,0.043,1016
1/8/2009,125.6,169.7,70.12,67.68,82.5,78.39,67.53,66.56,52.39,67.77,,,101.4,3.5,11250,40987000000,,,,,,,6607,3023,3359,0.054,0.024,78.4,-0.016311167,421283,19724.18945,28000,0.017611167,0.05,0.0008,0.638,5044000000,24588000000,1510,11507,596,0.0043,0.043,1016
1/9/2009,128,175.4,72.45,70.05,84.52,81.94,69.93,68.03,54.66,70.36,,,104.6,3.6,12285,56163000000,,,,,,,7259,3256,4278,0.053,0.024,78.9,0.003816794,421283,20955.25,28000,-0.002516794,0.05,0.0014,0.639,3803000000,23760000000,974,11206,596,0.0043,0.043,1016
1/10/2009,129.9,174.8,73.32,70.78,86.27,83.46,70.93,69.05,54.37,71.23,,,105.9,3.6,9300,36334000000,,,,,,,7959,3131,5234,0.052,0.024,80.9,0.025348542,452223,21752.86914,28900,-0.024048542,0.05,0.0008,0.634,2490000000,20736000000,519,9703,596,0.0043,0.043,1016
1/11/2009,130.5,174.7,73.47,70.65,88.15,82.84,70.46,69.38,54.6,70.99,,,108.6,3.6,9213,38153000000,,,,,,,7839,3415,5013,0.051,0.025,80.9,0.00747198,452223,21821.5,28900,-0.00617198,0.05,0.0005,0.617,2990000000,17281000000,533,8094,596,0.0043,0.043,1016
1/12/2009,133,175.2,73.03,70.39,86.59,82.21,69.78,70.28,54.72,70.74,,,109.3,3.6,9108,34725000000,,,,,,,7649,3794,7385,0.049,0.023,81.3,0.01625,452223,21872.5,28900,-0.01495,0.05,0.0008,0.619,2898000000,16579000000,727,8103,596,0.0043,0.043,1016
1/1/2010,136.5,181.4,75.25,72.62,88.63,84.47,72.9,71.4,56.32,72.99,,,109.7,3.5,10656,36154000000,,,,,,,7166,4216,5676,0.049,0.022,81.3,0.0124533,422783,20121.99023,30000,-0.0111533,0.05,0.0008,0.625,3134000000,21777000000,751,10316,1117,0.0113,0.047,187
1/2/2010,139,182.6,77.23,74.5,91.14,86.09,74.69,73.87,57.89,74.8,,,110.6,3.5,11733,40778000000,,,,,,,6196,3421,3522,0.046,0.021,82.1,0.030112923,422783,20608.69922,30000,-0.028812923,0.05,0.0007,0.622,1596000000,20217000000,382,9496,1117,0.0113,0.047,187
1/3/2010,141.6,189.9,77.89,75.21,91.47,87.11,75.16,74.03,59.08,75.56,,,113.2,3.5,10860,48358000000,,,,,,,7350,4148,4504,0.044,0.022,81.6,0.021276596,422783,21239.34961,30000,-0.019976596,0.05,0.001,0.604,4239000000,22808000000,1308,10519,1117,0.0113,0.047,187
1/4/2010,144.9,190.5,78.82,76.24,91.69,87.91,76.04,74.02,60.89,76.5,,,115,3.5,12236,53282000000,,,,,,,6362,3763,3056,0.044,0.021,82.1,0.02625,412768,21108.58984,29000,-0.02495,0.05,0.0008,0.604,4625000000,22997000000,979,10443,1117,0.0113,0.047,187
1/5/2010,144.2,187.8,80.02,77.23,94.26,89.65,77.09,74.33,61.1,77.46,,,117.4,3.6,11014,42848000000,,,,,,,6601,3516,4264,0.046,0.02,82,0.027568922,412768,19765.18945,29000,-0.026268922,0.05,0.002,0.594,4659000000,21954000000,1056,10039,1117,0.0113,0.047,187
1/6/2010,145.4,188.9,79.6,76.62,95.08,87.95,77.58,73.55,60.62,76.91,,,118.6,3.6,9130,32996000000,,,,,,,6797,3260,3803,0.046,0.02,82.1,0.030112923,412768,20128.99023,29000,-0.028412923,0.05,0.0052,0.613,5418000000,21275000000,1713,9505,1117,0.0113,0.047,187
1/7/2010,149.7,195.1,81.03,78.06,96.38,89.69,78.95,75.3,62.14,78.49,,,119.3,3.5,12957,52181000000,,,,,,,7242,3310,3287,0.043,0.02,80.2,0.006273526,456830,21029.81055,30000,-0.003373526,0.05,0.0026,0.62,5743000000,27748000000,1148,12221,1117,0.0113,0.047,187
1/8/2010,153.4,197.6,83.24,80.14,99.26,91.6,81.17,78.12,64.45,80.75,,,121.1,3.5,14699,69224000000,,,,,,,7444,3248,2726,0.042,0.019,80.2,0.022959184,456830,20536.49023,30000,-0.020659184,0.05,0.0015,0.614,3919000000,28505000000,744,12605,1117,0.0113,0.047,187
1/9/2010,154.5,201.3,84.51,81.25,101.64,93.62,80.98,79.7,64.94,81.63,,,123,3.5,10424,41184000000,,,,,,,7610,3355,4426,0.042,0.019,80.4,0.019011407,456830,22358.16992,30000,-0.016711407,0.05,0.0024,0.586,2276000000,21119000000,483,9467,1117,0.0113,0.047,187
1/10/2010,158.7,202.6,85.51,82.3,102.25,93.92,82.94,80.25,65.81,82.66,,,125.3,3.5,9552,44947000000,,,,,,,8106,3310,5495,0.042,0.019,82.9,0.024721879,483951,23096.32031,30000,-0.022421879,0.05,0.0021,0.593,4068000000,18615000000,908,8530,1117,0.0113,0.047,187
1/11/2010,162.3,204.8,87.95,84.85,103.72,96.93,85.41,82.26,68.38,85.27,,,126.9,3.5,13189,58831000000,,,,,,,8669,3537,5612,0.041,0.019,83.2,0.028430161,483951,23007.99023,30000,-0.026130161,0.05,0.0017,0.58,3422000000,25164000000,780,11126,1117,0.0113,0.047,187
1/12/2010,161.6,202.7,88.39,85.11,105.35,96.66,85.84,82.07,68.39,85.31,,,126.9,3.5,9328,39903000000,,,,,,,7657,3621,6214,0.04,0.018,83.6,0.028290283,483951,23035.44922,30000,-0.025990283,0.05,0.0023,0.571,2012000000,19575000000,378,8872,1117,0.0113,0.047,187
1/1/2011,168.1,210.2,90.1,86.79,107.09,98.92,87.28,83.96,69.95,87.1,,,125.8,3.3,8002,33333000000,,,,,,,8069,4144,5180,0.038,0.018,84.1,0.034440344,463467,23447.33984,32000,-0.032140344,0.05,0.0011,0.578,1920000000,20621000000,346,9118,787,0.0069,0.043,1189
1/2/2011,175.2,212.1,93.42,90.26,109.33,102.95,90.94,88.1,72.46,90.71,,,127,3.2,10390,45608000000,,,,,,,7145,3901,3188,0.036,0.017,85,0.035322777,463467,23338.01953,32000,-0.033022777,0.05,0.0015,0.574,2429000000,22670000000,501,9335,787,0.0069,0.043,1189
1/3/2011,178.3,215.8,97.13,93.89,113.44,107.56,94.49,90.41,75.42,94.28,,,129.3,3.2,10456,51865000000,,,,,,,8537,4173,5100,0.034,0.018,85.2,0.044117647,463467,23527.51953,32000,-0.041817647,0.05,0.0021,0.558,5704000000,28356000000,1148,11450,787,0.0069,0.043,1189
1/4/2011,182,222.2,97.07,93.78,113.7,105.86,94.4,89.94,76.81,94,,,130.9,3.2,7635,38996000000,,,,,,,7338,3585,3654,0.036,0.019,85.8,0.045066991,456607,23720.81055,32000,-0.042766991,0.05,0.0019,0.545,4445000000,17363000000,915,7102,787,0.0069,0.043,1189
1/5/2011,184.6,225.3,98.01,94.74,114.51,107.8,95.78,91.46,76.62,95.2,,,132.7,3.2,9681,49448000000,,,,,,,8075,3571,4932,0.036,0.019,86.3,0.052439024,456607,23684.13086,32000,-0.050139024,0.05,0.002,0.558,5647000000,20474000000,1320,8432,787,0.0069,0.043,1189
1/6/2011,186.8,228.4,99.6,96.35,116,108.23,97.43,92.71,78.62,96.55,,,136,3.3,9043,52856000000,,,,,,,7990,3182,4313,0.036,0.018,86.7,0.056029233,456607,22398.09961,32000,-0.053729233,0.05,0.002,0.554,3746000000,18229000000,849,7594,787,0.0069,0.043,1189
1/7/2011,184.1,225.5,99.27,95.89,116.51,109.84,95.32,92.02,78.02,96.06,,,136.8,3.3,5254,31772000000,,,12,2800000,,,7823,3073,3416,0.035,0.017,86.5,0.078553616,495500,22440.25,33000,-0.076253616,0.05,0.002,0.539,2758000000,11908000000,531,5001,787,0.0069,0.043,1189
1/8/2011,183.3,221.2,99.35,95.5,119.34,107.32,96.52,91.16,77.59,95.5,,,137,3.4,5439,31795000000,,,17,5500000,,,8444,3406,3282,0.032,0.018,84.8,0.057356608,495500,20534.84961,33000,-0.055056608,0.05,0.0021,0.534,2504000000,10489000000,490,4686,787,0.0069,0.043,1189
1/9/2011,184.5,219.7,98.56,95,116.84,108.31,94.91,91.74,76.74,95.12,,,136.8,3.3,4823,22959000000,,,7,2500000,,,7835,3097,5234,0.032,0.018,85.1,0.058457711,495500,17592.41016,33000,-0.056157711,0.05,0.0021,0.524,2570000000,9856000000,473,4321,787,0.0069,0.043,1189
1/10/2011,181.9,220.9,98.7,95.23,116.46,108.41,94.08,93.17,77.93,95.38,,,137.2,3.4,4643,22463000000,,,19,6400000,,,8093,3213,5352,0.033,0.016,87.7,0.057901086,518856,19864.86914,33500,-0.055601086,0.05,0.0021,0.523,2207000000,8229000000,464,3700,787,0.0069,0.043,1189
1/11/2011,180.7,217.9,97.13,93.82,113.97,105.1,95.4,92.04,76.52,94.35,,,136.6,3.4,4795,35766000000,,,15,2700000,,,8273,3352,7470,0.033,0.015,87.9,0.056490385,518856,17989.34961,33500,-0.054190385,0.05,0.0023,0.528,2226000000,7384000000,453,3363,787,0.0069,0.043,1189
1/12/2011,179.8,217.2,97.18,93.75,114.78,105.53,96.01,90.34,76.45,94.41,,,135.5,3.4,4301,25662000000,,,11,2800000,,,7726,3491,6762,0.033,0.014,88.4,0.057416268,518856,18434.39063,33500,-0.055116268,0.05,0.0034,0.534,2798000000,6160000000,590,2731,787,0.0069,0.043,1189
1/1/2012,178.6,211.8,94.63,91.35,111.37,102.24,92.13,89.63,75.69,91.88,,,132.8,3.4,3507,22187000000,,,17,6900000,,,7216,3772,4079,0.032,0.015,89.2,0.060642093,483654,20390.49023,35300,-0.056642093,0.05,0.0036,0.544,3012000000,5691000000,703,2559,846,0.0066,0.043,416
1/2/2012,182.7,215.4,94.9,91.93,109.75,103.48,93.35,89.87,75.43,92.62,,,133,3.3,3884,19032000000,,,19,3400000,,,7580,4276,4342,0.034,0.015,89,0.047058824,483654,21680.08008,35300,-0.042558824,0.05,0.003,0.565,3285000000,9613000000,732,4188,846,0.0066,0.043,416
1/3/2012,191.2,221.6,99.1,96.11,113.91,108.72,97.29,93.84,78.51,96.77,,,134,3.2,11358,59040000000,,,108,18500000,,,7789,4418,6218,0.034,0.016,89.4,0.049295775,483654,20555.58008,35300,-0.044795775,0.05,0.003,0.576,4118000000,21827000000,982,9142,846,0.0066,0.043,416
1/4/2012,197.5,228.2,102.09,99.29,115.66,112.14,100.88,96.62,81.75,100.16,,,137.2,3.1,8217,44677000000,,,93,15300000,,,6910,3546,3421,0.033,0.015,89.9,0.047785548,473958,21094.21094,34500,-0.043985548,0.05,0.003,0.579,2984000000,20009000000,676,8106,846,0.0066,0.043,416
1/5/2012,202.1,234.2,103.83,100.96,117.8,113.8,102.69,97.4,83.25,101.73,,,139.3,3.1,8349,47352000000,,,123,17700000,,,7770,4166,5157,0.032,0.014,89.9,0.041714948,473958,18629.51953,34500,-0.038414948,0.05,0.003,0.55,4168000000,19709000000,859,7944,846,0.0066,0.043,416
1/6/2012,204,238.3,104.51,101.54,119,114.79,102.12,98.24,84.29,102.21,,,142.6,3.2,5886,34070000000,,,139,25000000,,,7348,3512,4280,0.032,0.014,89.9,0.036908881,473958,19441.46094,34500,-0.033608881,0.05,0.003,0.547,4199000000,14101000000,967,5557,846,0.0066,0.043,416
1/7/2012,204.9,239.8,105.3,102.05,121.51,114.69,103.38,99.81,83.21,102.55,,,145.2,3.2,5709,31773000000,,,112,15900000,,,7478,3330,3697,0.032,0.015,88,0.01734104,523740,19796.81055,33700,-0.01404104,0.05,0.003,0.544,4287000000,12710000000,1025,4990,846,0.0066,0.043,416
1/8/2012,209.7,240.4,107.23,104.55,120.01,116.74,106.18,102.2,86.63,105.27,,,146.8,3.2,8087,39735000000,,,211,37100000,,,8012,3468,3464,0.032,0.017,88,0.037735849,523740,19482.57031,33700,-0.034435849,0.05,0.003,0.559,4073000000,18145000000,924,7065,846,0.0066,0.043,416
1/9/2012,216.8,243.6,109.23,106.55,121.79,117.54,108.03,105.58,89.72,107.38,,,147.8,3.1,7301,40437000000,,,237,37000000,,,7343,2975,4933,0.033,0.016,88.3,0.03760282,523740,20840.38086,33700,-0.03430282,0.05,0.003,0.547,2767000000,16651000000,557,6475,846,0.0066,0.043,416
1/10/2012,222.8,246.9,112.99,110.28,125.56,120.95,111.03,109.31,94.26,111.03,,,150.1,3.1,8714,54845000000,,,292,49300000,,,8154,3247,5541,0.034,0.015,91,0.037628278,555707,21641.82031,34000,-0.034328278,0.05,0.0028,0.545,3943000000,17785000000,818,6535,846,0.0066,0.043,416
1/11/2012,225.1,247,115.6,112.91,127.98,123.22,114.25,112.17,95.78,113.54,,,151.9,3.1,7035,41968000000,,,254,49100000,,,8547,3366,7153,0.034,0.014,91.2,0.037542662,555707,22030.39063,34000,-0.034242662,0.05,0.0028,0.535,5614000000,15369000000,1187,5663,846,0.0066,0.043,416
1/12/2012,226.8,246.4,115.22,112.84,125.73,123.98,113.61,113.02,95.88,113.7,,,151.7,3,3286,17160000000,,,150,30900000,,,7196,3596,7988,0.033,0.015,91.7,0.037330317,555707,22656.91992,34000,-0.034030317,0.05,0.0028,0.524,3104000000,9472000000,716,3523,846,0.0066,0.043,416
1/1/2013,231.9,247.9,118.53,116.09,129.29,126.92,117.84,115.6,98.5,116.98,,,151.2,2.9,5430,28542000000,,,187,37700000,,,5903,4283,7243,0.034,0.016,91.9,0.030269058,509631,23729.5293,36100,-0.027969058,0.05,0.0023,0.556,3311000000,14683000000,792,5225,688,0.0051,0.041,1143
1/2/2013,239.5,254.5,121.73,119.54,130.8,130.7,121.3,118.88,102.69,120.73,,,153.4,2.9,6307,38695000000,,,160,32600000,,,4560,3502,3031,0.034,0.015,92.8,0.042696629,509631,23020.26953,36100,-0.040396629,0.05,0.0023,0.557,3034000000,12944000000,735,4428,688,0.0051,0.041,1143
1/3/2013,239.5,250.1,123.05,120.97,131.59,131.12,123.55,121.55,104.07,122.33,,,153.2,2.9,4534,27040000000,,,157,35700000,,,4491,3471,5049,0.035,0.016,92.7,0.036912752,509631,22299.63086,36100,-0.034812752,0.05,0.0021,0.539,5144000000,13023000000,1314,4499,688,0.0051,0.041,1143
1/4/2013,238.9,250.9,119.6,117.45,128.65,128.94,118.31,118.04,101.48,118.8,,,154.4,2.9,3427,18714000000,,,117,23500000,,,4653,3940,3245,0.035,0.016,93.5,0.040044494,492375,22737.00977,35000,-0.037944494,0.05,0.0021,0.535,4580000000,8212000000,1175,2959,688,0.0051,0.041,1143
1/5/2013,240.4,251.3,119.14,116.85,128.99,128.56,117.68,117.84,100.23,118.15,,,154.9,2.9,4276,24026000000,,,131,21600000,,,4514,3718,4673,0.034,0.016,93.4,0.038932147,492375,22392.16016,35000,-0.036832147,0.05,0.0021,0.543,3284000000,9381000000,831,3557,688,0.0051,0.041,1143
1/6/2013,243.1,247.7,120.95,118.74,130.4,130.34,119.77,119.03,102.62,120.12,,,155.5,2.9,3740,18699000000,,,140,26900000,,,4194,3124,3897,0.033,0.016,93.6,0.041156841,492375,20803.28906,35000,-0.039056841,0.05,0.0021,0.551,1777000000,11416000000,410,4228,688,0.0051,0.041,1143
1/7/2013,244.9,250,120.36,118.4,128.17,128.01,120.3,119.79,103.15,119.86,,,156.7,2.8,3986,20991000000,,,119,21900000,,,4721,3672,3063,0.033,0.015,94.1,0.069318182,551059,21883.66016,35800,-0.067218182,0.05,0.0021,0.556,1138000000,11855000000,269,4411,688,0.0051,0.041,1143
1/8/2013,246.1,251.3,119.95,118.04,127.5,129.86,118.11,119.92,102.23,119.46,,,157.4,2.8,3407,19566000000,,,111,25100000,,,4760,3566,2722,0.033,0.015,91.9,0.044318182,551059,21731.36914,35800,-0.042218182,0.05,0.0021,0.544,1644000000,9857000000,425,3462,688,0.0051,0.041,1143
1/9/2013,245.3,249.7,120.74,118.72,128.95,132.21,117.9,120.66,102.06,120.13,,,157.9,2.9,3686,18968000000,,,95,17800000,,,4696,3278,5298,0.033,0.015,92.4,0.046432616,551059,22859.85938,35800,-0.044232616,0.05,0.0022,0.548,2754000000,8139000000,784,2877,688,0.0051,0.041,1143
1/10/2013,245.3,249.1,120.04,117.96,128.63,129.38,118.27,121.39,101.08,119.31,,,158.6,2.9,3426,18365000000,,,100,18400000,,,5256,3616,4551,0.033,0.015,94.9,0.042857143,585240,23206.36914,36000,-0.040657143,0.05,0.0022,0.553,3557000000,8568000000,1043,3108,688,0.0051,0.041,1143
1/11/2013,244.9,247.7,120,117.82,129.21,128.38,120.22,119.71,100.15,119.19,,,158.9,2.9,3790,30382000000,,,70,11500000,,,5037,3360,6227,0.033,0.014,95.2,0.043859649,585240,23881.28906,36000,-0.041759649,0.05,0.0021,0.545,3475000000,8036000000,968,2842,688,0.0051,0.041,1143
1/12/2013,245,247.8,118.91,116.77,127.82,124.99,119.27,119.76,100.37,117.96,,,157.9,2.9,4667,34954000000,,,91,17200000,,,4838,3869,6399,0.032,0.014,95.6,0.042529989,585240,23306.39063,36000,-0.040429989,0.05,0.0021,0.541,3940000000,7295000000,990,2625,688,0.0051,0.041,1143
1/1/2014,244.7,246.6,117.95,115.9,126.33,125.56,116.15,119.08,100.06,116.91,,,157.1,2.9,4488,27259000000,,,70,16500000,,,5226,4394,4553,0.031,0.013,96.1,0.04570185,535907,22035.41992,38000,-0.04360185,0.05,0.0021,0.553,6029000000,8675000000,1584,2928,1310,0.0114,0.038,134
1/2/2014,244.3,244.5,117.82,115.75,126.4,125.94,116.57,118.85,99.57,117.01,,,156.8,2.9,3159,21079000000,,,43,7300000,,,4324,4472,3596,0.031,0.012,96.5,0.03987069,535907,22836.96094,38000,-0.03767069,0.05,0.0022,0.551,5809000000,7265000000,1405,2531,1310,0.0114,0.038,134
1/3/2014,243.7,244.2,117.98,115.91,126.63,127.08,116.2,120.08,98.81,117.2,,,157,2.9,3141,20556000000,1827,3310500000,46,11900000,,,4934,4537,5612,0.031,0.012,96.3,0.038834951,535907,22151.06055,38000,-0.036734951,0.05,0.0021,0.543,5674000000,10316000000,1263,3497,1310,0.0114,0.038,134
1/4/2014,245,245.8,118.47,116.31,127.59,128.75,115.49,119.62,99.46,117.54,,38.5,157.8,2.9,4781,29117000000,2139,2575800000,65,16800000,,,4659,3910,3006,0.031,0.014,97,0.037433155,526194,22133.9707,37000,-0.035333155,0.05,0.0021,0.55,5601000000,10986000000,1092,3816,1310,0.0114,0.038,134
1/5/2014,247.4,247.1,118.72,116.67,127.16,126.3,117.35,121.66,100.8,118.08,,65.53,158.4,2.9,5270,31862000000,293,569100000,64,16800000,,,5154,3914,4966,0.031,0.015,96.9,0.037473233,526194,23081.65039,37000,-0.035373233,0.05,0.0021,0.556,4641000000,14700000000,934,4993,1310,0.0114,0.038,134
1/6/2014,250.3,250.3,120.96,119.32,126.94,130.9,119.74,124.21,102.69,121.03,,79.01,159.2,2.9,5960,33877000000,205,341900000,42,10000000,,,4779,3579,4023,0.032,0.015,96.9,0.03525641,526194,23190.7207,37000,-0.03295641,0.05,0.0023,0.566,4833000000,16669000000,969,5528,1310,0.0114,0.038,134
1/7/2014,256.6,251.5,123.53,122.24,127.3,132.54,123.1,126.6,106.73,124.01,,85.54,161.1,2.9,7792,57113000000,370,904300000,36,7200000,7,3500000,5077,3661,3225,0.033,0.015,97.9,0.040382572,580793,24756.84961,37000,-0.038182572,0.05,0.0022,0.572,6747000000,17752000000,1609,5832,1310,0.0114,0.038,134
1/8/2014,261.5,254.5,126.03,124.53,130.86,136.53,125.31,128.16,107.63,126.3,,88.5,163.2,2.9,6212,42035000000,266,568300000,38,12400000,998,456800000,4999,3224,3376,0.033,0.014,95.6,0.040261153,580793,24742.06055,37000,-0.038061153,0.05,0.0022,0.564,6867000000,16619000000,1503,5469,1310,0.0114,0.038,134
1/9/2014,266.7,257.6,127.24,125.93,130.92,136.88,126.15,132.12,109.66,127.78,,84.27,165.2,2.8,5958,42163000000,340,665700000,55,15900000,2087,1247700000,5195,3368,5455,0.033,0.015,98.5,0.066017316,580793,22932.98047,37000,-0.063517316,0.05,0.0025,0.546,6859000000,15585000000,1385,4998,1310,0.0114,0.038,134
1/10/2014,270.9,260.2,129.5,128.34,132.32,139.43,127.38,133.66,113.88,130.18,,72.33,166.8,2.8,6189,49704000000,266,790300000,38,10000000,1986,1556000000,5633,3559,4924,0.033,0.015,99.8,0.051633298,617111,23998.06055,39000,-0.049333298,0.05,0.0023,0.536,7908000000,15946000000,1437,5187,1310,0.0114,0.038,134
1/11/2014,274.7,261.3,129.98,129.19,130.62,138.67,129.96,134.28,114.35,131.1,,74.34,167.9,2.8,4848,34821000000,177,364500000,27,8400000,1515,942800000,5497,3179,6678,0.033,0.016,100,0.050420168,617111,23987.44922,39000,-0.048120168,0.05,0.0023,0.541,5798000000,13947000000,1158,4431,1310,0.0114,0.038,134
1/12/2014,278.9,263.6,132.58,131.57,134.48,141.85,132.92,136.02,115.95,133.65,,80,168.8,2.8,6009,43831000000,194,403200000,47,19100000,1736,899600000,5813,3913,6978,0.033,0.016,100.3,0.04916318,617111,23605.03906,39000,-0.04676318,0.05,0.0024,0.548,5503000000,15103000000,1183,4652,1310,0.0114,0.038,134
1/1/2015,285.3,267,134.67,133.86,135.26,142.95,134.21,139.42,119.13,135.69,,82.85,169.9,2.7,6412,43210000000,276,1446500000,58,30500000,2082,1613200000,5958,4848,5548,0.033,0.016,100,0.040582726,572160,24507.05078,40000,-0.038182726,0.05,0.0024,0.545,7910000000,17843000000,1678,5546,941,0.0079,0.037,488
1/2/2015,292.3,271.1,136.79,136.05,136.96,146.16,135.2,142,121.99,138,,79.01,170.9,2.7,6027,40851000000,195,392100000,56,21300000,1755,854200000,4807,4081,3271,0.033,0.015,100.8,0.044559585,572160,24823.28906,40000,-0.042159585,0.05,0.0024,0.547,5997000000,15901000000,1361,4930,941,0.0079,0.037,488
1/3/2015,292.3,271.6,139.99,139.55,138.39,149.49,139.38,144.96,125.06,141.56,,71.07,172.5,2.7,4329,31843000000,245,605600000,63,34300000,1274,852200000,5531,4332,4466,0.033,0.014,100.5,0.043613707,572160,24900.89063,40000,-0.041213707,0.05,0.0024,0.527,6916000000,15561000000,1503,4526,941,0.0079,0.037,488
1/4/2015,298.4,274.1,141.08,140.57,139.83,151.33,141,145.59,124.36,142.54,,66.41,174.2,2.7,4549,34899000000,223,499500000,49,17500000,1731,1077100000,4678,4010,2857,0.032,0.013,99.7,0.027835052,565750,28133,40000,-0.025535052,0.05,0.0023,0.525,6124000000,12089000000,1330,3591,941,0.0079,0.037,488
1/5/2015,299.9,275.3,141.24,140.67,140.3,150.69,139.94,148.64,124.83,142.55,,74.62,176.1,2.7,5168,40200000000,147,393800000,51,16300000,1351,857200000,4591,3753,4339,0.032,0.014,99.7,0.028895769,565750,27424.18945,40000,-0.026495769,0.05,0.0024,0.524,8625000000,13334000000,2130,3996,941,0.0079,0.037,488
1/6/2015,302.3,278.3,142.83,142.52,142.1,153.55,141.27,149.67,127.07,144.5,,79.28,177.1,2.7,5776,43243000000,204,473300000,54,21400000,1693,1059200000,4995,3868,3702,0.032,0.014,99.8,0.029927761,565750,26250.0293,40000,-0.027527761,0.05,0.0024,0.518,8611000000,15817000000,2124,4595,941,0.0079,0.037,488
1/7/2015,305.3,279,144.37,144.46,143.89,156.87,141.65,150.38,129.39,146.21,,65.54,178.2,2.7,5393,44551000000,260,606900000,84,34000000,1640,1260800000,4796,3946,3055,0.033,0.014,100.3,0.024514811,614251,24636.2793,40000,-0.022114811,0.05,0.0024,0.516,6496000000,15905000000,1593,4634,941,0.0079,0.037,488
1/8/2015,306.6,279.7,145.62,145.58,145.85,157,142.99,152.84,130.46,147.34,65.26,76.47,180.1,2.7,3896,31065000000,139,400400000,68,31100000,1212,819400000,4703,3357,2833,0.033,0.014,98.6,0.031380753,614251,21670.58008,40000,-0.028780753,0.05,0.0026,0.504,5905000000,13630000000,1229,3957,941,0.0079,0.037,488
1/9/2015,307.3,281.2,146.51,146.27,147.87,159.99,144.01,152.63,129.47,148.21,41,53,180.5,2.7,4263,33520000000,179,287700000,45,18800000,1336,672900000,4865,3339,4081,0.033,0.014,100.5,0.020304569,614251,20846.30078,40000,-0.017904569,0.05,0.0024,0.504,5672000000,10751000000,1223,3136,941,0.0079,0.037,488
1/10/2015,303.9,271,143.42,142.88,146.35,155.28,139.91,149.52,127.88,144.66,36.67,29.91,178.5,2.7,3300,22520000000,245,424000000,36,15100000,1109,614600000,5272,3704,5068,0.033,0.014,102.1,0.023046092,646119,22640.03906,40000,-0.020946092,0.05,0.0021,0.493,4216000000,8349000000,929,2531,941,0.0079,0.037,488
1/11/2015,294.7,268.4,140.32,140.05,141.78,152.47,137.23,146.07,125.91,141.97,37.98,15.08,176.6,2.8,2826,20797000000,240,497500000,41,17700000,1141,702700000,5183,3484,6075,0.033,0.015,102.3,0.023,646119,21996.41992,40000,-0.0211,0.05,0.0019,0.487,3968000000,6819000000,802,2141,941,0.0079,0.037,488
1/12/2015,286.2,262.2,136.47,135.76,140.24,145.49,133.47,142.68,122.66,137.48,25.48,14.06,173.9,2.8,4043,29822000000,247,447200000,43,15500000,1292,767600000,5424,4035,6152,0.033,0.014,102.6,0.022931206,646119,21914.40039,40000,-0.020731206,0.05,0.0022,0.501,4923000000,6841000000,1120,2085,941,0.0079,0.037,488
1/1/2016,280.1,260.3,133.55,132.8,137.57,144.7,130.13,138.8,119.23,134.66,27.25,6.43,171.3,2.8,2045,15799000000,98,205100000,30,10600000,569,353500000,4922,3795,4831,0.033,0.014,102.5,0.025,590556,19683.10938,41100,-0.0212,0.05,0.0038,0.507,4856000000,6616000000,1064,2020,1216,0.0116,0.038,1263
1/2/2016,274.5,259.5,130.88,129.52,137.96,140.06,127.2,135.38,115.55,130.96,28.28,12.09,165.9,2.8,1807,11769000000,62,316300000,22,8400000,440,341400000,4646,4396,3044,0.033,0.013,103.8,0.029761905,590556,19111.92969,41100,-0.027061905,0.05,0.0027,0.503,3399000000,5768000000,767,1825,1216,0.0116,0.038,1263
1/3/2016,272.1,258,127.8,126.83,132.94,135.91,124.65,133.7,113.06,128.09,51.23,19.74,165.6,2.8,2369,17106000000,147,260600000,27,13700000,837,490700000,5060,4623,4561,0.034,0.014,103.4,0.028855721,590556,20776.69922,41100,-0.026555721,0.05,0.0023,0.504,3129000000,8041000000,698,2477,1216,0.0116,0.038,1263
1/4/2016,274,259.4,128.66,127.7,133.73,137.44,124.67,134.32,115.69,129.26,52.86,30.72,165.6,2.8,4494,34494000000,199,460900000,53,23100000,1221,910700000,5016,4494,2787,0.034,0.014,102.4,0.027081244,585135,21067.05078,41000,-0.024781244,0.05,0.0023,0.523,3733000000,11044000000,722,3424,1216,0.0116,0.038,1263
1/5/2016,276.5,262.3,128.48,127.74,132.48,134.88,127.13,134.78,114.84,129.3,56.53,52.22,167.2,2.8,4586,40916000000,239,641600000,53,16600000,1377,1093500000,4961,4073,4459,0.034,0.014,102.3,0.026078235,585135,20815.08984,41000,-0.023778235,0.05,0.0023,0.518,4985000000,12394000000,1049,3869,1216,0.0116,0.038,1263
1/6/2016,277.1,263.1,129.12,128.58,132.02,137.39,127.25,135.94,114.97,130.21,57.28,63.81,168.6,2.8,4620,32603000000,151,346200000,46,20300000,1160,707200000,4898,3628,3765,0.034,0.014,102.3,0.0250501,585135,20794.36914,41000,-0.0224501,0.05,0.0026,0.522,4637000000,12649000000,1091,3881,1216,0.0116,0.038,1263
1/7/2016,282.5,265,130.69,130.36,132.3,139.99,128.28,137.86,116.59,131.96,78.27,71.17,170.1,2.8,4243,29733000000,147,275900000,31,11700000,1164,728900000,4637,3493,2999,0.034,0.014,102.7,0.023928215,636393,21891.36914,42300,-0.021528215,0.05,0.0024,0.533,4574000000,13313000000,1020,3958,1216,0.0116,0.038,1263
1/8/2016,288.5,265.9,135.06,135,135.4,145.11,132.3,144.57,120.19,136.64,86.73,87.44,172.8,2.8,5821,40637000000,186,476000000,38,15100000,1715,894400000,5078,3757,2584,0.034,0.014,102.8,0.042596349,636393,22976.88086,42300,-0.040196349,0.05,0.0024,0.534,5688000000,16695000000,1336,4999,1216,0.0116,0.038,1263
1/9/2016,297.2,273.8,138.48,138.09,140.44,148.85,136.3,146.63,121.98,139.78,84.97,91.86,174.7,2.7,7826,55957000000,250,506000000,51,20200000,2604,1522700000,5184,3357,4755,0.034,0.014,103.1,0.025870647,636393,23297.15039,42300,-0.022970647,0.05,0.0029,0.526,6574000000,18038000000,1420,5319,1216,0.0116,0.038,1263
1/10/2016,305.5,278.2,142.91,142.57,144.62,153.67,140.1,151.54,126.86,144.35,82.54,87.21,175.8,2.7,6601,54504000000,330,1022900000,60,22600000,2092,1624500000,4976,3499,4223,0.034,0.014,103.3,0.011753183,678533,22934.53906,41000,-0.008353183,0.05,0.0034,0.519,7660000000,18742000000,1707,5378,1216,0.0116,0.038,1263
1/11/2016,307.9,280.2,144.35,144.22,144.99,155.73,142.43,150.72,128.59,146.01,50.51,76.43,174.9,2.6,6739,61660000000,494,1094500000,75,31900000,2358,1563900000,5639,3680,5589,0.033,0.014,103.6,0.012707722,678533,22789.76953,41000,-0.008307722,0.05,0.0044,0.513,9213000000,19368000000,1981,5456,1216,0.0116,0.038,1263
1/12/2016,308.7,280,145.41,144.95,147.67,156.46,142.14,152.04,130.54,146.8,60.77,63.96,176.6,2.7,3550,32863000000,145,437300000,34,27300000,376,368200000,5314,3867,5908,0.033,0.014,103.8,0.011695906,678533,22000.56055,41000,-0.004195906,0.05,0.0075,0.508,8249000000,15099000000,1811,4180,1216,0.0116,0.038,1263
1/1/2017,311,281.4,145.54,145.67,144.92,155.37,144.74,153.04,130.59,147.58,64.47,70.08,178.5,2.7,3286,27439000000,229,643900000,43,21200000,406,488600000,4962,3547,4133,0.033,0.013,103.8,0.012682927,632128,23360.7793,44000,-0.006782927,0.05,0.0059,0.501,6851000000,13459000000,1462,3662,1483,0.0137,0.037,394
1/2/2017,315.4,284.1,147.87,147.84,148.01,159.15,147.3,153.89,131.18,149.73,73.67,74.97,179.7,2.7,4079,36460000000,128,716300000,35,16300000,387,584200000,5097,4214,3527,0.033,0.012,103.7,-0.000963391,632128,23740.73047,44000,0.005563391,0.05,0.0046,0.504,6909000000,12991000000,1421,3569,1483,0.0137,0.037,394
1/3/2017,322.8,286.5,150.75,151.17,148.59,163.93,147.52,158.76,136.31,153.12,86.61,86.3,181.6,2.6,5856,50375000000,211,518700000,58,24100000,657,627100000,5144,4302,5113,0.032,0.012,103.9,0.00483559,632128,24111.58984,44000,-0.00043559,0.05,0.0044,0.51,7533000000,19036000000,1479,5266,1483,0.0137,0.037,394
1/4/2017,331.9,290.1,153.84,154.18,152.09,164.97,150.73,164.79,138.33,155.96,82.56,84.34,183,2.6,7060,69582000000,281,717900000,41,17700000,783,863000000,4301,3648,2727,0.032,0.012,104.5,0.020507813,629105,24615.13086,43000,-0.016607813,0.05,0.0039,0.508,6189000000,17345000000,1191,4592,1483,0.0137,0.037,394
1/5/2017,335.5,294.8,157.73,158.35,154.51,168.92,156.29,166.53,142.78,160.31,74.78,81.54,185.5,2.6,5732,53560000000,157,460100000,53,25300000,482,614100000,4685,3786,4743,0.032,0.012,104.3,0.019550342,629105,25660.65039,43000,-0.015950342,0.05,0.0036,0.506,8526000000,21783000000,1589,5825,1483,0.0137,0.037,394
1/6/2017,338.1,297.2,159.83,160.02,158.85,172.2,156.03,169.67,143.59,161.77,69.07,80.21,186.2,2.6,6100,59139000000,311,736600000,42,29900000,785,743900000,4651,3836,4008,0.031,0.012,104.3,0.019550342,629105,25764.58008,43000,-0.014850342,0.05,0.0047,0.49,10163000000,19517000000,1901,5249,1483,0.0137,0.037,394
1/7/2017,339.5,297.8,159.75,159.85,159.23,170.64,154.42,170.4,145.94,161.51,61.58,66.33,187.1,2.6,3515,33212000000,256,717200000,44,21000000,536,601900000,4502,3979,2760,0.031,0.011,104.7,0.019474197,680303,27323.99023,44000,-0.015074197,0.05,0.0044,0.483,7490000000,14419000000,1363,3949,1483,0.0137,0.037,394
1/8/2017,341.8,300,160.73,160.85,160.15,170.99,157.65,167.87,147.35,162.68,64.27,58.79,189.3,2.6,4014,33651000000,325,630200000,41,21400000,579,517500000,4531,4003,3093,0.031,0.011,104.8,0.019455253,680303,27970.30078,44000,-0.015255253,0.05,0.0042,0.483,5922000000,13315000000,1091,3666,1483,0.0137,0.037,394
1/9/2017,342.9,301.1,160.66,160.51,161.39,169.42,157.59,170.52,146.09,162.35,67.19,58.89,189.8,2.6,5629,45272000000,450,614600000,57,31500000,781,518500000,4640,3454,3225,0.031,0.011,104.6,0.014548982,680303,27554.30078,44000,-0.008748982,0.05,0.0058,0.48,6311000000,13921000000,1210,3748,1483,0.0137,0.037,394
1/10/2017,346.4,302.3,160.17,160.49,158.52,168.5,158.21,170.1,147.3,162.57,69.39,63.99,190.6,2.6,5289,41888000000,458,566800000,44,19100000,856,565300000,4909,3576,5322,0.03,0.011,104.9,0.015488867,721300,28245.53906,45000,-0.007588867,0.05,0.0079,0.491,6028000000,14429000000,1295,3918,1483,0.0137,0.037,394
1/11/2017,349.2,307.4,162.89,163.45,160.02,172.85,160.76,172.46,148.97,165.38,73.72,71.49,191.2,2.5,5694,53817000000,483,1068200000,50,23000000,916,979700000,4868,3851,5596,0.03,0.01,105.2,0.015444015,721300,29177.34961,45000,-0.005444015,0.05,0.01,0.486,7006000000,18669000000,1403,4941,1483,0.0137,0.037,394
1/12/2017,354.7,312.6,165.1,165.44,163.36,173.55,163.35,172.97,151.82,167.26,74.29,79.27,191.4,2.5,5337,51955000000,534,1317200000,52,34100000,928,1121700000,4603,3687,6657,0.029,0.01,105.6,0.01734104,721300,29919.15039,45000,-0.00544104,0.05,0.0119,0.487,4655000000,15628000000,851,4103,1483,0.0137,0.037,394
1/1/2018,360.5,316.7,167.32,167.31,167.38,175.99,164.08,177.34,152.72,169.05,78.37,81.46,191.1,2.5,5270,49806000000,430,1206300000,38,31300000,780,1069900000,5322,4873,5772,0.029,0.01,105.5,0.016377649,686367,32887.26953,46300,-0.007077649,0.05,0.0093,0.492,6641000000,22862000000,1249,5893,1747,0.0165,0.043,1747
1/2/2018,366.9,317.7,170.68,170.87,169.72,178.8,167.57,180.79,155.7,172.29,76.12,79.62,191.4,2.4,5482,50894000000,352,725000000,47,29200000,686,1399400000,4257,4228,3237,0.029,0.01,106.9,0.030858245,686367,30844.7207,46300,-0.023558245,0.05,0.0073,0.489,5434000000,19847000000,1118,4987,1747,0.0165,0.043,1747
1/3/2018,372.6,318.5,174.34,173.66,177.64,182.59,169.54,182.85,158.41,174.97,77.96,84.44,193.1,2.4,4263,38810000000,321,591100000,42,24500000,636,1067300000,4590,4483,4131,0.029,0.01,106.6,0.025986526,686367,30093.38086,46300,-0.016086526,0.05,0.0099,0.491,7645000000,22015000000,1476,5471,1747,0.0165,0.043,1747
1/4/2018,379.8,321.3,180.53,179.4,186.03,186.45,177.61,189.82,162.04,180.78,77.49,87.66,195.1,2.4,6646,61824000000,305,698700000,51,27400000,666,1259000000,4184,3904,3051,0.028,0.01,106.5,0.019138756,675260,30808.44922,45400,-0.006038756,0.05,0.0131,0.481,6501000000,20761000000,1134,5240,1747,0.0165,0.043,1747
1/5/2018,386.2,326.7,181.84,181.67,182.67,189.77,178.23,195.98,164.72,183.5,78.84,87.47,195.7,2.4,5522,52184000000,405,858200000,63,42900000,725,1492900000,4572,4076,4028,0.028,0.01,106.5,0.021093001,675260,30468.56055,45400,-0.010893001,0.05,0.0102,0.473,6366000000,24207000000,1173,6010,1747,0.0165,0.043,1747
1/6/2018,394.1,331.8,185.05,185.51,182.7,192.82,181.45,201.8,169.48,187.53,79.71,86.14,197.2,2.4,6713,68023000000,340,1718500000,60,44600000,802,2806400000,4305,3773,3677,0.028,0.01,106.8,0.023969319,675260,28955.10938,45400,-0.003869319,0.05,0.0201,0.47,5609000000,24092000000,1058,5761,1747,0.0165,0.043,1747
1/7/2018,397.8,332.9,187.95,188.57,184.71,194.77,184.2,204.63,174.75,190.77,73.88,86.12,199.1,2.4,6091,65237000000,201,654500000,42,26000000,541,1372700000,4370,3713,2737,0.028,0.011,107.2,0.023877746,726352,28583.00977,45600,-0.007077746,0.05,0.0168,0.471,7955000000,23815000000,1573,5748,1747,0.0165,0.043,1747
1/8/2018,397.7,331.7,188.27,188.82,185.44,193.24,186.56,207.23,171.89,190.87,65.34,82.42,200.9,2.4,4822,46765000000,275,681300000,48,27100000,559,1111200000,4476,3567,3019,0.028,0.011,107.2,0.022900763,726352,27888.55078,45600,-0.007500763,0.05,0.0154,0.455,9444000000,20916000000,1925,4977,1747,0.0165,0.043,1747
1/9/2018,392.7,324.4,186.44,186.95,183.74,191.8,184.91,205.73,168.92,188.94,53.94,62.96,201.4,2.4,3500,37083000000,228,612900000,33,21900000,592,1341600000,4099,3353,3691,0.028,0.012,107.4,0.026768642,726352,27788.51953,45600,-0.004468642,0.0501,0.0223,0.444,6233000000,11792000000,1270,2867,1747,0.0165,0.043,1747
1/10/2018,381.9,316.5,184.3,185.13,180.02,189.96,185.04,195.94,170.23,187.3,40.08,22.71,201.7,2.5,4243,38571000000,371,869700000,40,27700000,568,1187600000,4887,4003,5084,0.028,0.012,107.7,0.026692088,754904,24979.68945,46000,-0.014092088,0.0513,0.0126,0.446,7987000000,10216000000,1606,2542,1747,0.0165,0.043,1747
1/11/2018,369.8,310,178.45,178.59,177.69,183.43,177.24,190.32,163.78,180.39,36.12,7.23,200.1,2.6,2635,26020000000,176,428400000,21,10800000,304,654800000,4726,3740,5030,0.028,0.012,107.9,0.025665399,754904,26506.75,46000,-0.013665399,0.0513,0.012,0.457,8701000000,8823000000,1816,2240,1747,0.0165,0.043,1747
1/12/2018,361.9,309.3,174.22,173.93,175.69,181.31,171.94,183.81,158.26,175.58,41.6,5.13,197.3,2.6,2060,24076000000,125,541200000,26,15900000,293,836800000,4524,3766,6240,0.028,0.011,108.3,0.025568182,754904,25845.69922,46000,-0.003168182,0.0513,0.0224,0.463,6506000000,7722000000,1247,1991,1747,0.0165,0.043,1747
1/1/2019,363.4,312.8,170.41,169.97,172.62,177.7,166.98,178.46,155.16,171.3,52.54,20.9,196.4,2.6,4543,44924000000,182,500900000,38,19800000,504,1082700000,4925,4728,5151,0.028,0.011,108.1,0.02464455,712514,27942.4707,48500,-0.01424455,0.0513,0.0104,0.46,7226000000,10863000000,1435,2794,1573,0.0158,0.04,1667
1/2/2019,369.5,316.4,171.35,171.19,172.2,178.23,168.69,182.47,155.68,172.79,65.86,62.47,195.7,2.5,4089,36079000000,94,208700000,42,25200000,197,372100000,3907,3931,2750,0.028,0.01,109.1,0.020579981,712514,28633.17969,48500,-0.010579981,0.0513,0.01,0.477,6783000000,11923000000,1390,2952,1573,0.0158,0.04,1667
1/3/2019,381.4,322.3,176.29,176.23,176.56,182.67,174.26,187.97,161.84,178.3,78.84,88.15,196.7,2.4,5231,45870000000,150,373900000,49,36100000,349,725900000,4371,4292,4227,0.028,0.01,108.8,0.020637899,712514,29051.35938,48500,-0.004037899,0.0513,0.0166,0.478,7910000000,18783000000,1590,4541,1573,0.0158,0.04,1667
1/4/2019,395.2,331.8,181.91,182.21,180.38,191.14,181.75,192.12,164.88,184.51,80.58,90.04,197.8,2.3,7822,70101000000,168,711200000,43,17500000,483,1310100000,4407,4016,2934,0.028,0.01,109.6,0.029107981,698700,29699.10938,48000,-0.008007981,0.0513,0.0211,0.48,8377000000,21181000000,1759,5002,1573,0.0158,0.04,1667
1/5/2019,399.9,336.4,188.09,188.17,187.7,196.71,186.79,199.63,169.89,190.15,72.45,86.48,199,2.3,8208,78447000000,245,653700000,57,26300000,615,1246000000,4590,4207,4138,0.029,0.01,109.5,0.028,698700,26901.08984,48000,-0.028169014,0.0513,0.0198,0.471,12477000000,26168000000,2607,5872,1573,0.0158,0.04,1667
1/6/2019,398.7,331.5,187.9,187.48,190,190.73,185.63,200.29,171.84,188.79,58.7,70.61,201.6,2.4,4627,45330000000,146,510400000,31,18200000,331,828600000,4143,3652,3525,0.029,0.01,110.2,0.033,698700,28542.61914,48000,-0.031835206,0.0513,0.0253,0.474,11455000000,18917000000,2489,4332,1573,0.0158,0.04,1667
1/7/2019,398.2,334.8,189.23,189.31,188.78,197.17,187.45,200.12,171.78,191.05,61.38,46.39,202,2.4,4805,44070000000,223,500900000,36,19200000,435,922100000,4232,4198,2839,0.029,0.01,110.7,0.032649254,688000,27777.75,47500,-0.032649254,0.0513,0.0193,0.462,11330000000,16821000000,2335,3902,1573,0.0158,0.04,1667
1/8/2019,392.8,329.6,187.69,188.09,185.66,196.61,186.39,198.94,169.07,189.67,39.59,31.38,205.2,2.4,4084,36582000000,242,331400000,33,22500000,392,590600000,4000,4000,3500,0.03,0.01,110.9,0.034514925,688000,25724.73047,47500,-0.034514925,0.0513,0.0194,0.465,10923000000,16028000000,2542,3720,1573,0.0158,0.04,1667
